k13282087, http://www.tripadvisor.in//ShowTopic-g34438-i92-k13282087-SBV_Luxury_Ocean_Hotel_Suites-Miami_Florida.html
k13281506, http://www.tripadvisor.in//ShowTopic-g34438-i92-k13281506-Christmas_trip-Miami_Florida.html
k13279978, http://www.tripadvisor.in//ShowTopic-g34438-i92-k13279978-Crandon_Park_Key_Biscayne-Miami_Florida.html
k13277020, http://www.tripadvisor.in//ShowTopic-g34438-i92-k13277020-Should_I_stay_in_South_Beach_or_the_Brickell_neighborhood-Miami_Florida.html
k13275148, http://www.tripadvisor.in//ShowTopic-g34438-i92-k13275148-Current_situation_at_Mia-Miami_Florida.html
k13276011, http://www.tripadvisor.in//ShowTopic-g34438-i92-k13276011-Economy_Car_Rental_Rips_you_off_stay_away_run-Miami_Florida.html
k13274586, http://www.tripadvisor.in//ShowTopic-g34438-i92-k13274586-Bars_Closed_Speakeasy-Miami_Florida.html
k13267295, http://www.tripadvisor.in//ShowTopic-g34438-i92-k13267295-Partying_in_Miami_in_October-Miami_Florida.html
k13269684, http://www.tripadvisor.in//ShowTopic-g34438-i92-k13269684-Hello_and_transport_around_Miami-Miami_Florida.html
k13272320, http://www.tripadvisor.in//ShowTopic-g34438-i92-k13272320-Metro_shuttle_MIA_airport_to_port_everglades_worse_ever-Miami_Florida.html
k13270430, http://www.tripadvisor.in//ShowTopic-g34438-i92-k13270430-Pool_passes-Miami_Florida.html
k13222895, http://www.tripadvisor.in//ShowTopic-g34438-i92-k13222895-Please_help_to_choose_a_hotel-Miami_Florida.html
k13265288, http://www.tripadvisor.in//ShowTopic-g34438-i92-k13265288-Where_to_stay-Miami_Florida.html
k13265592, http://www.tripadvisor.in//ShowTopic-g34438-i92-k13265592-Dinner_Mid_Beach_for_50th_Birthday_with_Teenagers_too-Miami_Florida.html
k13268267, http://www.tripadvisor.in//ShowTopic-g34438-i92-k13268267-What_beach_to_visit-Miami_Florida.html
k13266082, http://www.tripadvisor.in//ShowTopic-g34438-i92-k13266082-Tours_from_south_beach-Miami_Florida.html
k13266874, http://www.tripadvisor.in//ShowTopic-g34438-i92-k13266874-Seaweed_status_March_2020-Miami_Florida.html
k13264836, http://www.tripadvisor.in//ShowTopic-g34438-i92-k13264836-Easiest_Spot_to_catch_a_sunrise-Miami_Florida.html
k13265932, http://www.tripadvisor.in//ShowTopic-g34438-i92-k13265932-3_nights_in_Miami-Miami_Florida.html
k13264417, http://www.tripadvisor.in//ShowTopic-g34438-i92-k13264417-Beach_within_walking_distance-Miami_Florida.html
k13263029, http://www.tripadvisor.in//ShowTopic-g34438-i92-k13263029-DoubleTree_Hollywood_Beach_vs_Hampton_Inn_Coconut_grove-Miami_Florida.html
k13252611, http://www.tripadvisor.in//ShowTopic-g34438-i92-k13252611-What_is_your_MUST_EAT_HERE_list-Miami_Florida.html
k11676648, http://www.tripadvisor.in//ShowTopic-g34438-i92-k11676648-Parking_while_cruising_out_of_Miami-Miami_Florida.html
k13261358, http://www.tripadvisor.in//ShowTopic-g34438-i92-k13261358-Weird_MIA_transit_question-Miami_Florida.html
k13260358, http://www.tripadvisor.in//ShowTopic-g34438-i92-k13260358-Where_to_buy_a_prom_dress-Miami_Florida.html
k13259541, http://www.tripadvisor.in//ShowTopic-g34438-i92-k13259541-Miami_Airport_Car_Rental_Lines_at_2am-Miami_Florida.html
k13260600, http://www.tripadvisor.in//ShowTopic-g34438-i92-k13260600-Sawgrass_Mills_Coupon_Book-Miami_Florida.html
k13259390, http://www.tripadvisor.in//ShowTopic-g34438-i92-k13259390-120_for_a_car_Does_this_sound_about_right-Miami_Florida.html
k13259098, http://www.tripadvisor.in//ShowTopic-g34438-i92-k13259098-Odd_question_I_know-Miami_Florida.html
k12318669, http://www.tripadvisor.in//ShowTopic-g34438-i92-k12318669-ZezGo_Car_rental-Miami_Florida.html
k13258471, http://www.tripadvisor.in//ShowTopic-g34438-i92-k13258471-Advice_Please-Miami_Florida.html
k13258307, http://www.tripadvisor.in//ShowTopic-g34438-i92-k13258307-Admirals_Club_or_Centurion_Lounge_at_MIA-Miami_Florida.html
k13257434, http://www.tripadvisor.in//ShowTopic-g34438-i92-k13257434-Spring_breakers_mid_April-Miami_Florida.html
k13252598, http://www.tripadvisor.in//ShowTopic-g34438-i92-k13252598-Help_Miami_newb-Miami_Florida.html
k13257478, http://www.tripadvisor.in//ShowTopic-g34438-i92-k13257478-Ultra_2020_Cancelled-Miami_Florida.html
k13256458, http://www.tripadvisor.in//ShowTopic-g34438-i92-k13256458-Mum_with_12_year_old_twins_where_to_stay-Miami_Florida.html
k13256284, http://www.tripadvisor.in//ShowTopic-g34438-i92-k13256284-Please_help_to_find_hotel_on_a_budget-Miami_Florida.html
k13250254, http://www.tripadvisor.in//ShowTopic-g34438-i92-k13250254-Road_Trip_Itinerary-Miami_Florida.html
k13255544, http://www.tripadvisor.in//ShowTopic-g34438-i92-k13255544-Buses_to_Orlando_before_on_New_Years-Miami_Florida.html
k13256040, http://www.tripadvisor.in//ShowTopic-g34438-i92-k13256040-List_of_Dining_Waterfront_Restaurants-Miami_Florida.html
k13253865, http://www.tripadvisor.in//ShowTopic-g34438-i92-k13253865-Car_rental_MIA-Miami_Florida.html
k13250064, http://www.tripadvisor.in//ShowTopic-g34438-i92-k13250064-Transport_from_Miami_airport_to_Holiday_Inn_Port_Downtown-Miami_Florida.html
k13251635, http://www.tripadvisor.in//ShowTopic-g34438-i92-k13251635-Family_week_in_Miami_help_needed-Miami_Florida.html
k13252294, http://www.tripadvisor.in//ShowTopic-g34438-i92-k13252294-Car_pick_up_in_South_Beach_other_small_Q-Miami_Florida.html
k13252634, http://www.tripadvisor.in//ShowTopic-g34438-i92-k13252634-Food_tours-Miami_Florida.html
k13250922, http://www.tripadvisor.in//ShowTopic-g34438-i92-k13250922-Hotel_in_south_beach_Miami-Miami_Florida.html
k13251859, http://www.tripadvisor.in//ShowTopic-g34438-i92-k13251859-When_to_collect_hire_car-Miami_Florida.html
k13251801, http://www.tripadvisor.in//ShowTopic-g34438-i92-k13251801-Where_to_stay_out_of_town-Miami_Florida.html
k13249513, http://www.tripadvisor.in//ShowTopic-g34438-i92-k13249513-Deal_Parking_Miami_airport-Miami_Florida.html
k13102886, http://www.tripadvisor.in//ShowTopic-g34438-i92-k13102886-Transiting_at_Miami_airport-Miami_Florida.html
k13235570, http://www.tripadvisor.in//ShowTopic-g34438-i92-k13235570-I_Need_a_Birthday_Cake-Miami_Florida.html
k13252263, http://www.tripadvisor.in//ShowTopic-g34438-i92-k13252263-How_warm_is_the_ocean_and_the_pools_Is_there_sargasso-Miami_Florida.html
k13250794, http://www.tripadvisor.in//ShowTopic-g34438-i92-k13250794-Hotel_choice_on_South_Beach-Miami_Florida.html
k13249710, http://www.tripadvisor.in//ShowTopic-g34438-i92-k13249710-Ft_Lauderdale_cruise_port_to_Miami_port-Miami_Florida.html
k13249507, http://www.tripadvisor.in//ShowTopic-g34438-i92-k13249507-Mover_stop_for_United_airlines-Miami_Florida.html
k13249505, http://www.tripadvisor.in//ShowTopic-g34438-i92-k13249505-Parasailing_in_Puerto_Rico_or_Miami_or_Key_West-Miami_Florida.html
k13233408, http://www.tripadvisor.in//ShowTopic-g34438-i92-k13233408-Keys_Day_Trip-Miami_Florida.html
k13247797, http://www.tripadvisor.in//ShowTopic-g34438-i92-k13247797-Customs_and_connection_times-Miami_Florida.html
k13248341, http://www.tripadvisor.in//ShowTopic-g34438-i92-k13248341-Gas_at_airport-Miami_Florida.html
k13248235, http://www.tripadvisor.in//ShowTopic-g34438-i92-k13248235-Day_bareboat_sailing-Miami_Florida.html
k13246631, http://www.tripadvisor.in//ShowTopic-g34438-i92-k13246631-Pick_up_at_arrivals_South_Terminal-Miami_Florida.html
k13245791, http://www.tripadvisor.in//ShowTopic-g34438-i92-k13245791-Where_to_stay_for_one_night_in_Miami-Miami_Florida.html
k13245969, http://www.tripadvisor.in//ShowTopic-g34438-i92-k13245969-South_Beach_Marriott_pre_cruise_hotel_which_one-Miami_Florida.html
k13246886, http://www.tripadvisor.in//ShowTopic-g34438-i92-k13246886-Hotel_Safety_and_Rooms_with_Hotel_Safes-Miami_Florida.html
k13246879, http://www.tripadvisor.in//ShowTopic-g34438-i92-k13246879-Hotel_with_best_safety_measure_and_in_room_safes-Miami_Florida.html
k13244662, http://www.tripadvisor.in//ShowTopic-g34438-i92-k13244662-Stay_in_Downtown_Miami_or_South_Beach-Miami_Florida.html
k10174185, http://www.tripadvisor.in//ShowTopic-g34438-i92-k10174185-Luggage_storage-Miami_Florida.html
k13244078, http://www.tripadvisor.in//ShowTopic-g34438-i92-k13244078-Most_Vegas_Like_Casino_in_Miami-Miami_Florida.html
k13233453, http://www.tripadvisor.in//ShowTopic-g34438-i92-k13233453-South_Beach_for_Family-Miami_Florida.html
k13242754, http://www.tripadvisor.in//ShowTopic-g34438-i92-k13242754-Economy_in_Miami-Miami_Florida.html
k13205236, http://www.tripadvisor.in//ShowTopic-g34438-i92-k13205236-Optimo_Rent-Miami_Florida.html
k13242385, http://www.tripadvisor.in//ShowTopic-g34438-i92-k13242385-Delano_Mondrian_or_EAST_Miami-Miami_Florida.html
k12094505, http://www.tripadvisor.in//ShowTopic-g34438-i92-k12094505-Looking_to_rent_a_car_in_Miami_Watch_out_with_JC_CAR_RENTAL-Miami_Florida.html
k13235757, http://www.tripadvisor.in//ShowTopic-g34438-i92-k13235757-Miami_Heats_Stadium_food-Miami_Florida.html
k13241568, http://www.tripadvisor.in//ShowTopic-g34438-i92-k13241568-Miami_Resorts-Miami_Florida.html
k13239294, http://www.tripadvisor.in//ShowTopic-g34438-i92-k13239294-Where_to_stay_in_miami_1st_time_female_solo_traveller-Miami_Florida.html
k11860016, http://www.tripadvisor.in//ShowTopic-g34438-i92-k11860016-Easirent_Car_Rental_reviews-Miami_Florida.html
k13238259, http://www.tripadvisor.in//ShowTopic-g34438-i92-k13238259-Tyson_Fury_Fight-Miami_Florida.html
k13237258, http://www.tripadvisor.in//ShowTopic-g34438-i92-k13237258-Oleta_River_State_Park_Camping-Miami_Florida.html
k13236989, http://www.tripadvisor.in//ShowTopic-g34438-i92-k13236989-Urgent_please_help-Miami_Florida.html
k12362704, http://www.tripadvisor.in//ShowTopic-g34438-i92-k12362704-Terminal_N_at_MIA-Miami_Florida.html
k13234496, http://www.tripadvisor.in//ShowTopic-g34438-i92-k13234496-Olympus_underwater_camera_TG6_buy_at_Miami_International-Miami_Florida.html
k12926964, http://www.tripadvisor.in//ShowTopic-g34438-i92-k12926964-Airbnb-Miami_Florida.html
k13234051, http://www.tripadvisor.in//ShowTopic-g34438-i92-k13234051-Suggestions-Miami_Florida.html
k13233134, http://www.tripadvisor.in//ShowTopic-g34438-i92-k13233134-Which_hotel_for_one_night_near_airport-Miami_Florida.html
k13228968, http://www.tripadvisor.in//ShowTopic-g34438-i92-k13228968-Terminal_D_to_J_connection-Miami_Florida.html
k13231601, http://www.tripadvisor.in//ShowTopic-g34438-i92-k13231601-Uber_cost_from_Crowne_Plaza-Miami_Florida.html
k11617849, http://www.tripadvisor.in//ShowTopic-g34438-i92-k11617849-Stay_away_from_Budget_car_rental_at_Miami_airport-Miami_Florida.html
k13224319, http://www.tripadvisor.in//ShowTopic-g34438-i92-k13224319-Miami_airport_2020-Miami_Florida.html
k13228802, http://www.tripadvisor.in//ShowTopic-g34438-i92-k13228802-Trip_for_7-Miami_Florida.html
k13225410, http://www.tripadvisor.in//ShowTopic-g34438-i92-k13225410-Restaurant_recommendations-Miami_Florida.html
k13227248, http://www.tripadvisor.in//ShowTopic-g34438-i92-k13227248-Car_rental-Miami_Florida.html
k13227678, http://www.tripadvisor.in//ShowTopic-g34438-i92-k13227678-2_AM_arrival_at_MIA-Miami_Florida.html
k13225387, http://www.tripadvisor.in//ShowTopic-g34438-i92-k13225387-Bike_Rent-Miami_Florida.html
k13224981, http://www.tripadvisor.in//ShowTopic-g34438-i92-k13224981-MIami_Open_Tennis_2020-Miami_Florida.html
k13224436, http://www.tripadvisor.in//ShowTopic-g34438-i92-k13224436-MIA_to_Edgewater_Area_Transfer_or_Uber_Taxi-Miami_Florida.html
k13223153, http://www.tripadvisor.in//ShowTopic-g34438-i92-k13223153-Where_to_stay_near_Hard_Rock_Arena-Miami_Florida.html
