k13253968, http://www.tripadvisor.in//ShowTopic-g150800-i164-k13253968-Coronavirus_in_Mexico_city-Mexico_City_Central_Mexico_and_Gulf_Coast.html
k13282098, http://www.tripadvisor.in//ShowTopic-g150800-i164-k13282098-Mexico_City_Trip_Report_Feb_1_to_Feb_15_2020-Mexico_City_Central_Mexico_and_Gulf_Coast.html
k13278356, http://www.tripadvisor.in//ShowTopic-g150800-i164-k13278356-Wish_list_restaurants_for_2021-Mexico_City_Central_Mexico_and_Gulf_Coast.html
k13274983, http://www.tripadvisor.in//ShowTopic-g150800-i164-k13274983-Closures_in_Mexico_City-Mexico_City_Central_Mexico_and_Gulf_Coast.html
k13276137, http://www.tripadvisor.in//ShowTopic-g150800-i164-k13276137-Vivaaerobus_check_in_checked_luggage_drop_in_MEX-Mexico_City_Central_Mexico_and_Gulf_Coast.html
k13273432, http://www.tripadvisor.in//ShowTopic-g150800-i164-k13273432-Should_we_go_home_early-Mexico_City_Central_Mexico_and_Gulf_Coast.html
k13270421, http://www.tripadvisor.in//ShowTopic-g150800-i164-k13270421-Place_for_cocktails_before_Pujol-Mexico_City_Central_Mexico_and_Gulf_Coast.html
k13273175, http://www.tripadvisor.in//ShowTopic-g150800-i164-k13273175-Us_consulate_closed-Mexico_City_Central_Mexico_and_Gulf_Coast.html
k13272395, http://www.tripadvisor.in//ShowTopic-g150800-i164-k13272395-Outstay_MEX_180_day_visa_as_can_t_leave_because_of_Corona-Mexico_City_Central_Mexico_and_Gu.html
k13267747, http://www.tripadvisor.in//ShowTopic-g150800-i164-k13267747-COVID_19_update-Mexico_City_Central_Mexico_and_Gulf_Coast.html
k13260507, http://www.tripadvisor.in//ShowTopic-g150800-i164-k13260507-Where_to_stay_and_what_to_do-Mexico_City_Central_Mexico_and_Gulf_Coast.html
k13262783, http://www.tripadvisor.in//ShowTopic-g150800-i164-k13262783-Toronto_Blue_Jays_vs_Red_Socks_2020_season_opener-Mexico_City_Central_Mexico_and_Gulf_Coast.html
k13249733, http://www.tripadvisor.in//ShowTopic-g150800-i164-k13249733-Second_time_what_to_see-Mexico_City_Central_Mexico_and_Gulf_Coast.html
k13264951, http://www.tripadvisor.in//ShowTopic-g150800-i164-k13264951-Where_do_you_get_the_Tourist_card-Mexico_City_Central_Mexico_and_Gulf_Coast.html
k11223802, http://www.tripadvisor.in//ShowTopic-g150800-i164-k11223802-Taxi_fare_from_airport-Mexico_City_Central_Mexico_and_Gulf_Coast.html
k13261602, http://www.tripadvisor.in//ShowTopic-g150800-i164-k13261602-Oral_surgery_and_implants-Mexico_City_Central_Mexico_and_Gulf_Coast.html
k13265117, http://www.tripadvisor.in//ShowTopic-g150800-i164-k13265117-Lucha_Libre-Mexico_City_Central_Mexico_and_Gulf_Coast.html
k13265016, http://www.tripadvisor.in//ShowTopic-g150800-i164-k13265016-Bus_Transportation_from_Mexico_Airport_to_City_Express_CDMX-Mexico_City_Central_Mexico_and_.html
k13254355, http://www.tripadvisor.in//ShowTopic-g150800-i164-k13254355-Internal_flight_to_Cancun_what_time_to_get_to_airport-Mexico_City_Central_Mexico_and_Gulf_C.html
k13263438, http://www.tripadvisor.in//ShowTopic-g150800-i164-k13263438-Currency_while_in_Mexico-Mexico_City_Central_Mexico_and_Gulf_Coast.html
k13257660, http://www.tripadvisor.in//ShowTopic-g150800-i164-k13257660-Transportation_front_the_airport_to_the_historic_center-Mexico_City_Central_Mexico_and_Gulf.html
k13263729, http://www.tripadvisor.in//ShowTopic-g150800-i164-k13263729-Travelling_From_The_Airport-Mexico_City_Central_Mexico_and_Gulf_Coast.html
k13239113, http://www.tripadvisor.in//ShowTopic-g150800-i164-k13239113-Carcamo_de_dolores-Mexico_City_Central_Mexico_and_Gulf_Coast.html
k13261342, http://www.tripadvisor.in//ShowTopic-g150800-i164-k13261342-Protests_on_March_8-Mexico_City_Central_Mexico_and_Gulf_Coast.html
k13261061, http://www.tripadvisor.in//ShowTopic-g150800-i164-k13261061-Cheez_Its-Mexico_City_Central_Mexico_and_Gulf_Coast.html
k13241131, http://www.tripadvisor.in//ShowTopic-g150800-i164-k13241131-SIM_card_at_the_airport-Mexico_City_Central_Mexico_and_Gulf_Coast.html
k13242815, http://www.tripadvisor.in//ShowTopic-g150800-i164-k13242815-Museo_Dolores_Olmedo-Mexico_City_Central_Mexico_and_Gulf_Coast.html
k10109382, http://www.tripadvisor.in//ShowTopic-g150800-i164-k10109382-Had_great_experience_with_private_driver_Esteban_Barrera-Mexico_City_Central_Mexico_and_Gul.html
k13163734, http://www.tripadvisor.in//ShowTopic-g150800-i164-k13163734-Mexican_Cooking_class-Mexico_City_Central_Mexico_and_Gulf_Coast.html
k13172766, http://www.tripadvisor.in//ShowTopic-g150800-i164-k13172766-Solo_female_traveler-Mexico_City_Central_Mexico_and_Gulf_Coast.html
k11495170, http://www.tripadvisor.in//ShowTopic-g150800-i164-k11495170-Lucha_Libre-Mexico_City_Central_Mexico_and_Gulf_Coast.html
k13252778, http://www.tripadvisor.in//ShowTopic-g150800-i164-k13252778-Arriving_in_Mexico_City_at_4_am-Mexico_City_Central_Mexico_and_Gulf_Coast.html
k13238527, http://www.tripadvisor.in//ShowTopic-g150800-i164-k13238527-Mexico_City_Best_Area_to_stay-Mexico_City_Central_Mexico_and_Gulf_Coast.html
k13255236, http://www.tripadvisor.in//ShowTopic-g150800-i164-k13255236-Traveling_to_the_US_with_dual_passport_Mexican_Italian-Mexico_City_Central_Mexico_and_Gulf_.html
k13253667, http://www.tripadvisor.in//ShowTopic-g150800-i164-k13253667-Car_Rental-Mexico_City_Central_Mexico_and_Gulf_Coast.html
k13246600, http://www.tripadvisor.in//ShowTopic-g150800-i164-k13246600-55_Minute_Layover_Aeromexico_Cabo_to_Mexico_City_to_Toronto-Mexico_City_Central_Mexico_and_.html
k13248403, http://www.tripadvisor.in//ShowTopic-g150800-i164-k13248403-Airport_layover_Xochimilco-Mexico_City_Central_Mexico_and_Gulf_Coast.html
k13248161, http://www.tripadvisor.in//ShowTopic-g150800-i164-k13248161-Entrance_fees_on_several_sites-Mexico_City_Central_Mexico_and_Gulf_Coast.html
k13247922, http://www.tripadvisor.in//ShowTopic-g150800-i164-k13247922-Hilton_Reforma-Mexico_City_Central_Mexico_and_Gulf_Coast.html
k13207239, http://www.tripadvisor.in//ShowTopic-g150800-i164-k13207239-Hotel_Stanza_to_Templo_Mayor_also_to_Anthropology_Museum-Mexico_City_Central_Mexico_and_Gul.html
k13245979, http://www.tripadvisor.in//ShowTopic-g150800-i164-k13245979-Spending_money-Mexico_City_Central_Mexico_and_Gulf_Coast.html
k13239769, http://www.tripadvisor.in//ShowTopic-g150800-i164-k13239769-Advice_For_One_Day_Tour-Mexico_City_Central_Mexico_and_Gulf_Coast.html
k13238229, http://www.tripadvisor.in//ShowTopic-g150800-i164-k13238229-A_Mexican_telenovela_filming_location_question-Mexico_City_Central_Mexico_and_Gulf_Coast.html
k13246214, http://www.tripadvisor.in//ShowTopic-g150800-i164-k13246214-Mexico_City_Good_Friday_Easter_Weekend-Mexico_City_Central_Mexico_and_Gulf_Coast.html
k13246510, http://www.tripadvisor.in//ShowTopic-g150800-i164-k13246510-TR_Driver_Contact_Centro_Condesa_Roma_Coyoacan-Mexico_City_Central_Mexico_and_Gulf_Coast.html
k13244642, http://www.tripadvisor.in//ShowTopic-g150800-i164-k13244642-Bus_from_Pyramid_to_Basilica_of_Our_Lady_Guadalupe-Mexico_City_Central_Mexico_and_Gulf_Coas.html
k13236512, http://www.tripadvisor.in//ShowTopic-g150800-i164-k13236512-Where_to_stay_with_kids_ages_4_7_and_10-Mexico_City_Central_Mexico_and_Gulf_Coast.html
k13244802, http://www.tripadvisor.in//ShowTopic-g150800-i164-k13244802-Airport_transfer-Mexico_City_Central_Mexico_and_Gulf_Coast.html
k13242014, http://www.tripadvisor.in//ShowTopic-g150800-i164-k13242014-Hotels_in_Mexico_City_near_US_embassy-Mexico_City_Central_Mexico_and_Gulf_Coast.html
k13243904, http://www.tripadvisor.in//ShowTopic-g150800-i164-k13243904-Waiting_after_customs_at_MEX-Mexico_City_Central_Mexico_and_Gulf_Coast.html
k13242855, http://www.tripadvisor.in//ShowTopic-g150800-i164-k13242855-Babysitting_in_Mexico_City-Mexico_City_Central_Mexico_and_Gulf_Coast.html
k12767379, http://www.tripadvisor.in//ShowTopic-g150800-i164-k12767379-Gran_Hotel_Stained_Glass-Mexico_City_Central_Mexico_and_Gulf_Coast.html
k13243727, http://www.tripadvisor.in//ShowTopic-g150800-i164-k13243727-Gran_Hotel_Worth_it_for_long_layover-Mexico_City_Central_Mexico_and_Gulf_Coast.html
k13236195, http://www.tripadvisor.in//ShowTopic-g150800-i164-k13236195-Whirlwind_Weekend_Trip_to_Mexico_City_a_trip_report-Mexico_City_Central_Mexico_and_Gulf_Coa.html
k13242841, http://www.tripadvisor.in//ShowTopic-g150800-i164-k13242841-ClickBus_and_ADO-Mexico_City_Central_Mexico_and_Gulf_Coast.html
k13240721, http://www.tripadvisor.in//ShowTopic-g150800-i164-k13240721-Primera_Plus_tickets-Mexico_City_Central_Mexico_and_Gulf_Coast.html
k13239674, http://www.tripadvisor.in//ShowTopic-g150800-i164-k13239674-Cost_of_immigration-Mexico_City_Central_Mexico_and_Gulf_Coast.html
k13238189, http://www.tripadvisor.in//ShowTopic-g150800-i164-k13238189-Dia_De_Los_Muertes-Mexico_City_Central_Mexico_and_Gulf_Coast.html
k13238134, http://www.tripadvisor.in//ShowTopic-g150800-i164-k13238134-Seafood_in_Acapulco-Mexico_City_Central_Mexico_and_Gulf_Coast.html
k13238228, http://www.tripadvisor.in//ShowTopic-g150800-i164-k13238228-A_Mexican_Telenovela_filming_location_question-Mexico_City_Central_Mexico_and_Gulf_Coast.html
k13235405, http://www.tripadvisor.in//ShowTopic-g150800-i164-k13235405-Weather_and_itinerary_disruption_during_Jul_Aug_trip-Mexico_City_Central_Mexico_and_Gulf_Co.html
k13227703, http://www.tripadvisor.in//ShowTopic-g150800-i164-k13227703-Fonart_stores-Mexico_City_Central_Mexico_and_Gulf_Coast.html
k13235584, http://www.tripadvisor.in//ShowTopic-g150800-i164-k13235584-Mexican_Telenovelas-Mexico_City_Central_Mexico_and_Gulf_Coast.html
k11397825, http://www.tripadvisor.in//ShowTopic-g150800-i164-k11397825-Warning_Counterfeit_bank_notes_in_Mexico_City-Mexico_City_Central_Mexico_and_Gulf_Coast.html
k13229003, http://www.tripadvisor.in//ShowTopic-g150800-i164-k13229003-Off_the_beaten_path_items_to_add_to_itinerary-Mexico_City_Central_Mexico_and_Gulf_Coast.html
k13234878, http://www.tripadvisor.in//ShowTopic-g150800-i164-k13234878-Pocket_wifi_rental_at_Mexico_city_airport-Mexico_City_Central_Mexico_and_Gulf_Coast.html
k13234565, http://www.tripadvisor.in//ShowTopic-g150800-i164-k13234565-First_time_in_Mexico_City-Mexico_City_Central_Mexico_and_Gulf_Coast.html
k13235156, http://www.tripadvisor.in//ShowTopic-g150800-i164-k13235156-Jorge_Mendoza_private_Mexican_guide-Mexico_City_Central_Mexico_and_Gulf_Coast.html
k13225610, http://www.tripadvisor.in//ShowTopic-g150800-i164-k13225610-Tipping_for_tour_guide_and_other_services-Mexico_City_Central_Mexico_and_Gulf_Coast.html
k13232104, http://www.tripadvisor.in//ShowTopic-g150800-i164-k13232104-Huaraches_for_men-Mexico_City_Central_Mexico_and_Gulf_Coast.html
k13229397, http://www.tripadvisor.in//ShowTopic-g150800-i164-k13229397-Airport_transfer-Mexico_City_Central_Mexico_and_Gulf_Coast.html
k13229275, http://www.tripadvisor.in//ShowTopic-g150800-i164-k13229275-Strike_Feb_19-Mexico_City_Central_Mexico_and_Gulf_Coast.html
k13230082, http://www.tripadvisor.in//ShowTopic-g150800-i164-k13230082-Counterfeit_bills_at_ATMs-Mexico_City_Central_Mexico_and_Gulf_Coast.html
k13222558, http://www.tripadvisor.in//ShowTopic-g150800-i164-k13222558-English_menu-Mexico_City_Central_Mexico_and_Gulf_Coast.html
k12600695, http://www.tripadvisor.in//ShowTopic-g150800-i164-k12600695-Solo_traveler_looking_for_english_speaking_tour_guide-Mexico_City_Central_Mexico_and_Gulf_C.html
k13214945, http://www.tripadvisor.in//ShowTopic-g150800-i164-k13214945-Observation_Deck_BBVA_Tower-Mexico_City_Central_Mexico_and_Gulf_Coast.html
k13225233, http://www.tripadvisor.in//ShowTopic-g150800-i164-k13225233-Piedra_Herrera_Monarch_butterfly_sanctuary_Feb_17_18_or_19-Mexico_City_Central_Mexico_and_G.html
k13223449, http://www.tripadvisor.in//ShowTopic-g150800-i164-k13223449-Australian_dollars_excange-Mexico_City_Central_Mexico_and_Gulf_Coast.html
k13217765, http://www.tripadvisor.in//ShowTopic-g150800-i164-k13217765-Itinerary_for_short_stay_in_March-Mexico_City_Central_Mexico_and_Gulf_Coast.html
k13223369, http://www.tripadvisor.in//ShowTopic-g150800-i164-k13223369-Are_attractions_closed_reduced_opening_hours_on_Sundays-Mexico_City_Central_Mexico_and_Gulf.html
k13223351, http://www.tripadvisor.in//ShowTopic-g150800-i164-k13223351-Teotihuacan_Day_Trip_Can_you_hire_tour_guide_there-Mexico_City_Central_Mexico_and_Gulf_Coas.html
k13223000, http://www.tripadvisor.in//ShowTopic-g150800-i164-k13223000-Suggestions_for_hiring_a_private_car_to_Monarch_Reserve-Mexico_City_Central_Mexico_and_Gulf.html
k13223499, http://www.tripadvisor.in//ShowTopic-g150800-i164-k13223499-Bull_fights-Mexico_City_Central_Mexico_and_Gulf_Coast.html
k13223286, http://www.tripadvisor.in//ShowTopic-g150800-i164-k13223286-Free_Museo_Frida_Kahlo_tickets_tomorrow_1030-Mexico_City_Central_Mexico_and_Gulf_Coast.html
k13222539, http://www.tripadvisor.in//ShowTopic-g150800-i164-k13222539-Chapultepec_Park-Mexico_City_Central_Mexico_and_Gulf_Coast.html
k13219728, http://www.tripadvisor.in//ShowTopic-g150800-i164-k13219728-Which_location_for_family_trip-Mexico_City_Central_Mexico_and_Gulf_Coast.html
k13220414, http://www.tripadvisor.in//ShowTopic-g150800-i164-k13220414-RTP_buss_to_la_Mexicana_park-Mexico_City_Central_Mexico_and_Gulf_Coast.html
k13217756, http://www.tripadvisor.in//ShowTopic-g150800-i164-k13217756-Restaurants_Not_to_Miss-Mexico_City_Central_Mexico_and_Gulf_Coast.html
k13219743, http://www.tripadvisor.in//ShowTopic-g150800-i164-k13219743-Uber_Eats_Mexico_City-Mexico_City_Central_Mexico_and_Gulf_Coast.html
k13217587, http://www.tripadvisor.in//ShowTopic-g150800-i164-k13217587-Which_area_for_one_night-Mexico_City_Central_Mexico_and_Gulf_Coast.html
k12159948, http://www.tripadvisor.in//ShowTopic-g150800-i164-k12159948-Looking_for_a_guide_in_CDMX-Mexico_City_Central_Mexico_and_Gulf_Coast.html
k13217802, http://www.tripadvisor.in//ShowTopic-g150800-i164-k13217802-9_hours_layover_in_Mexico_City-Mexico_City_Central_Mexico_and_Gulf_Coast.html
k13215648, http://www.tripadvisor.in//ShowTopic-g150800-i164-k13215648-Breakfast_places_or_street_food_Roma_Norte-Mexico_City_Central_Mexico_and_Gulf_Coast.html
k13217504, http://www.tripadvisor.in//ShowTopic-g150800-i164-k13217504-No_idea_which_area_to_stay-Mexico_City_Central_Mexico_and_Gulf_Coast.html
k13213305, http://www.tripadvisor.in//ShowTopic-g150800-i164-k13213305-What_would_you_do-Mexico_City_Central_Mexico_and_Gulf_Coast.html
k13210010, http://www.tripadvisor.in//ShowTopic-g150800-i164-k13210010-Neighbourhood_Hotel_recommendations_for_Family_vacation-Mexico_City_Central_Mexico_and_Gulf.html
k13212545, http://www.tripadvisor.in//ShowTopic-g150800-i164-k13212545-San_Angel_Market_Hours-Mexico_City_Central_Mexico_and_Gulf_Coast.html
k13072658, http://www.tripadvisor.in//ShowTopic-g150800-i164-k13072658-Quick_trip_should_we_go_see_butterflies_in_Michoacan-Mexico_City_Central_Mexico_and_Gulf_Co.html
