k13283034, http://www.tripadvisor.in//ShowTopic-g60713-i30-k13283034-Shelter_in_place_extended_to_May_3rd_in_SF-San_Francisco_California.html
k13281196, http://www.tripadvisor.in//ShowTopic-g60713-i30-k13281196-Searching_for_mobile_battery_rental_service_in_SF-San_Francisco_California.html
k13280217, http://www.tripadvisor.in//ShowTopic-g60713-i30-k13280217-Curran_Theater_Mezzanine_vs_Orchestra-San_Francisco_California.html
k13274071, http://www.tripadvisor.in//ShowTopic-g60713-i30-k13274071-What_to_do_in_San_Francisco-San_Francisco_California.html
k13281545, http://www.tripadvisor.in//ShowTopic-g60713-i30-k13281545-Crissy_Field_Parking_Closed-San_Francisco_California.html
k13279153, http://www.tripadvisor.in//ShowTopic-g60713-i30-k13279153-Ghost_town_San_Francisco-San_Francisco_California.html
k13281016, http://www.tripadvisor.in//ShowTopic-g60713-i30-k13281016-SFO_closing_International_Boarding_Area_A_April_1-San_Francisco_California.html
k13280063, http://www.tripadvisor.in//ShowTopic-g60713-i30-k13280063-Free_transport_to_top_of_Golden_gate_bridge-San_Francisco_California.html
k13273185, http://www.tripadvisor.in//ShowTopic-g60713-i30-k13273185-Some_San_Francisco_public_transit_still_running-San_Francisco_California.html
k13277716, http://www.tripadvisor.in//ShowTopic-g60713-i30-k13277716-Closed_Hotels-San_Francisco_California.html
k13276326, http://www.tripadvisor.in//ShowTopic-g60713-i30-k13276326-Bay_Area_bridges_will_be_e_toll_only-San_Francisco_California.html
k13273188, http://www.tripadvisor.in//ShowTopic-g60713-i30-k13273188-SF_international_airport_customs_recently-San_Francisco_California.html
k13272647, http://www.tripadvisor.in//ShowTopic-g60713-i30-k13272647-Shelter_In_Place_Order-San_Francisco_California.html
k13268615, http://www.tripadvisor.in//ShowTopic-g60713-i30-k13268615-Travelling_to_SF-San_Francisco_California.html
k13269248, http://www.tripadvisor.in//ShowTopic-g60713-i30-k13269248-What_all_is_closed_in_San_Francisco-San_Francisco_California.html
k13273431, http://www.tripadvisor.in//ShowTopic-g60713-i30-k13273431-How_can_we_go_to_the_airport_during_lockdown-San_Francisco_California.html
k13267887, http://www.tripadvisor.in//ShowTopic-g60713-i30-k13267887-Shall_we_still_come-San_Francisco_California.html
k13269201, http://www.tripadvisor.in//ShowTopic-g60713-i30-k13269201-SF_MUseums_Closed_for_two_weeks-San_Francisco_California.html
k13269613, http://www.tripadvisor.in//ShowTopic-g60713-i30-k13269613-Is_Alcatraz_closed-San_Francisco_California.html
k13269215, http://www.tripadvisor.in//ShowTopic-g60713-i30-k13269215-San_Francisco_Public_Libraries_to_Close_3_14-San_Francisco_California.html
k13244586, http://www.tripadvisor.in//ShowTopic-g60713-i30-k13244586-Overwhelmed_by_the_food-San_Francisco_California.html
k13265754, http://www.tripadvisor.in//ShowTopic-g60713-i30-k13265754-Discounts_to_encourage_tourism-San_Francisco_California.html
k13202092, http://www.tripadvisor.in//ShowTopic-g60713-i30-k13202092-Amtrak_Coastal_Starlight_train-San_Francisco_California.html
k13268208, http://www.tripadvisor.in//ShowTopic-g60713-i30-k13268208-Thank_you_San_Francisco-San_Francisco_California.html
k13267256, http://www.tripadvisor.in//ShowTopic-g60713-i30-k13267256-Warriors_will_not_be_playing-San_Francisco_California.html
k13268077, http://www.tripadvisor.in//ShowTopic-g60713-i30-k13268077-How_on_earth_do_I_contact_US_Ticketmaster-San_Francisco_California.html
k13261856, http://www.tripadvisor.in//ShowTopic-g60713-i30-k13261856-Golden_Gate_Bridge-San_Francisco_California.html
k13267174, http://www.tripadvisor.in//ShowTopic-g60713-i30-k13267174-Asian_Art_Museum_free_May_9_11-San_Francisco_California.html
k13266169, http://www.tripadvisor.in//ShowTopic-g60713-i30-k13266169-Target_supermarkets-San_Francisco_California.html
k13266628, http://www.tripadvisor.in//ShowTopic-g60713-i30-k13266628-Empty_San_Francisco_Closures_Cancelations-San_Francisco_California.html
k13267065, http://www.tripadvisor.in//ShowTopic-g60713-i30-k13267065-NBA_suspends_season-San_Francisco_California.html
k13265385, http://www.tripadvisor.in//ShowTopic-g60713-i30-k13265385-San_francisco_BART-San_Francisco_California.html
k13266528, http://www.tripadvisor.in//ShowTopic-g60713-i30-k13266528-SF_bans_crowds_of_1_000_or_more-San_Francisco_California.html
k13266468, http://www.tripadvisor.in//ShowTopic-g60713-i30-k13266468-I_have_tickets_for_the_Giants_V_Diamondbacks_on_6th_Timing-San_Francisco_California.html
k13261895, http://www.tripadvisor.in//ShowTopic-g60713-i30-k13261895-La_Quinta_Inn_Suites_by_Wyndham_San_Francisco_Airport-San_Francisco_California.html
k13264557, http://www.tripadvisor.in//ShowTopic-g60713-i30-k13264557-Where_to_stay-San_Francisco_California.html
k13265502, http://www.tripadvisor.in//ShowTopic-g60713-i30-k13265502-Everdene_Rooftop_Bar-San_Francisco_California.html
k13265208, http://www.tripadvisor.in//ShowTopic-g60713-i30-k13265208-San_Francisco_or_San_Jose-San_Francisco_California.html
k13264201, http://www.tripadvisor.in//ShowTopic-g60713-i30-k13264201-Holiday_inn_golden_gateway_San_Francisco-San_Francisco_California.html
k13258838, http://www.tripadvisor.in//ShowTopic-g60713-i30-k13258838-Public_transportation_from_Santa_Clara_to_San_Francisco-San_Francisco_California.html
k13246138, http://www.tripadvisor.in//ShowTopic-g60713-i30-k13246138-Pickup_passenger_at_SFO_how_difficult-San_Francisco_California.html
k13262153, http://www.tripadvisor.in//ShowTopic-g60713-i30-k13262153-Avis_Car_Hire_Post_Street-San_Francisco_California.html
k13256214, http://www.tripadvisor.in//ShowTopic-g60713-i30-k13256214-We_were_bumped_from_Palace_Hotel_Tea-San_Francisco_California.html
k13261598, http://www.tripadvisor.in//ShowTopic-g60713-i30-k13261598-Driving_from_San_Francisco_to_Anaheim_Big_Sur-San_Francisco_California.html
k13260209, http://www.tripadvisor.in//ShowTopic-g60713-i30-k13260209-Next_week_Itinerary_help_suggestions_please-San_Francisco_California.html
k13159967, http://www.tripadvisor.in//ShowTopic-g60713-i30-k13159967-What_to_choose-San_Francisco_California.html
k12154620, http://www.tripadvisor.in//ShowTopic-g60713-i30-k12154620-New_BART_Mobile_APP_for_SFO_transfers-San_Francisco_California.html
k13260646, http://www.tripadvisor.in//ShowTopic-g60713-i30-k13260646-Transitting_through_SFO-San_Francisco_California.html
k13258887, http://www.tripadvisor.in//ShowTopic-g60713-i30-k13258887-Day_trip_ideas-San_Francisco_California.html
k13259458, http://www.tripadvisor.in//ShowTopic-g60713-i30-k13259458-San_francisco_summer_accomdation_for_4_students_on_j1_visa-San_Francisco_California.html
k13260474, http://www.tripadvisor.in//ShowTopic-g60713-i30-k13260474-Stanford_Cancels_Bay_Area_following_Seattle-San_Francisco_California.html
k13260376, http://www.tripadvisor.in//ShowTopic-g60713-i30-k13260376-St_Patrick_s_Day_parade_looks_like_a_no_go-San_Francisco_California.html
k13258855, http://www.tripadvisor.in//ShowTopic-g60713-i30-k13258855-Car_rental_downtown-San_Francisco_California.html
k12546334, http://www.tripadvisor.in//ShowTopic-g60713-i30-k12546334-San_Fran_car_rentals-San_Francisco_California.html
k13255845, http://www.tripadvisor.in//ShowTopic-g60713-i30-k13255845-Decent_Hotels_During_Giants_Games-San_Francisco_California.html
k13256619, http://www.tripadvisor.in//ShowTopic-g60713-i30-k13256619-4th_July-San_Francisco_California.html
k13255309, http://www.tripadvisor.in//ShowTopic-g60713-i30-k13255309-One_Full_Day-San_Francisco_California.html
k13258331, http://www.tripadvisor.in//ShowTopic-g60713-i30-k13258331-Rope_swing_My_teen_saw_it_on_instagram_must_therefore_do-San_Francisco_California.html
k13255899, http://www.tripadvisor.in//ShowTopic-g60713-i30-k13255899-Chancellor_Hotel-San_Francisco_California.html
k13254357, http://www.tripadvisor.in//ShowTopic-g60713-i30-k13254357-Going_through_customs_at_SFO-San_Francisco_California.html
k13251721, http://www.tripadvisor.in//ShowTopic-g60713-i30-k13251721-Looks_like_rain-San_Francisco_California.html
k13253115, http://www.tripadvisor.in//ShowTopic-g60713-i30-k13253115-Best_time_of_day_San_Francisco_to_Santa_Clara_Caltrain-San_Francisco_California.html
k13251275, http://www.tripadvisor.in//ShowTopic-g60713-i30-k13251275-Solo_traveller_visiting_SF_April_2020-San_Francisco_California.html
k13251431, http://www.tripadvisor.in//ShowTopic-g60713-i30-k13251431-San_Francisco_in_December-San_Francisco_California.html
k13252988, http://www.tripadvisor.in//ShowTopic-g60713-i30-k13252988-Shuttle_to_Muir_Woods-San_Francisco_California.html
k13250666, http://www.tripadvisor.in//ShowTopic-g60713-i30-k13250666-Any_good_tour_company_in_sf-San_Francisco_California.html
k10496291, http://www.tripadvisor.in//ShowTopic-g60713-i30-k10496291-Where_to_buy_prepaid_sim_card_at_SFO_Airport-San_Francisco_California.html
k13218539, http://www.tripadvisor.in//ShowTopic-g60713-i30-k13218539-Car_hire_from_SFO_book_online_or_when_I_get_there-San_Francisco_California.html
k13248125, http://www.tripadvisor.in//ShowTopic-g60713-i30-k13248125-Two_Night_Stay-San_Francisco_California.html
k13248311, http://www.tripadvisor.in//ShowTopic-g60713-i30-k13248311-Columbus_Motor_Inn_Bus_Routes-San_Francisco_California.html
k13249320, http://www.tripadvisor.in//ShowTopic-g60713-i30-k13249320-1st_trip_itinerary_help-San_Francisco_California.html
k13246712, http://www.tripadvisor.in//ShowTopic-g60713-i30-k13246712-Fresh_food_market_or_deli-San_Francisco_California.html
k13238618, http://www.tripadvisor.in//ShowTopic-g60713-i30-k13238618-Solo_travel_looking_for_nature_trails-San_Francisco_California.html
k13247403, http://www.tripadvisor.in//ShowTopic-g60713-i30-k13247403-Crowds_in_March-San_Francisco_California.html
k11342267, http://www.tripadvisor.in//ShowTopic-g60713-i30-k11342267-Union_Square_Hotel_with_no_resort_fee-San_Francisco_California.html
k13240001, http://www.tripadvisor.in//ShowTopic-g60713-i30-k13240001-Union_Square_hotel_can_t_decide-San_Francisco_California.html
k13247075, http://www.tripadvisor.in//ShowTopic-g60713-i30-k13247075-Union_Square_Westin_St_Francis_or_Courtyard_Marriot_200-San_Francisco_California.html
k13249259, http://www.tripadvisor.in//ShowTopic-g60713-i30-k13249259-Uber_or_Bart_for_2_from_SFO_to_Hotel_Zephyr-San_Francisco_California.html
k13230893, http://www.tripadvisor.in//ShowTopic-g60713-i30-k13230893-Public_Transportation_Clipper_vs_MuniMobile-San_Francisco_California.html
k13248014, http://www.tripadvisor.in//ShowTopic-g60713-i30-k13248014-Is_Saison_changing-San_Francisco_California.html
k13245476, http://www.tripadvisor.in//ShowTopic-g60713-i30-k13245476-Streatfood_park-San_Francisco_California.html
k13245069, http://www.tripadvisor.in//ShowTopic-g60713-i30-k13245069-Getting_around_in_SF-San_Francisco_California.html
k13244762, http://www.tripadvisor.in//ShowTopic-g60713-i30-k13244762-Day_tour_or_night_tour-San_Francisco_California.html
k13240940, http://www.tripadvisor.in//ShowTopic-g60713-i30-k13240940-San_Fran_Airport_transfer_from_International_to_Domestic-San_Francisco_California.html
