Beijing, https://www.tripadvisor.in/ShowForum-g294212-i2147-Beijing.html
New Delhi, https://www.tripadvisor.in/ShowForum-g304551-i3482-New_Delhi_National_Capital_Territory_of_Delhi.html
Mumbai, https://www.tripadvisor.in/ShowForum-g304554-i4228-Mumbai_Bombay_Maharashtra.html
Agra, https://www.tripadvisor.in/ShowForum-g297683-i1206-Agra_Agra_District_Uttar_Pradesh.html
Bangkok, https://www.tripadvisor.in/ShowForum-g293916-i3687-Bangkok.html
Karachi, https://www.tripadvisor.in/ShowForum-g295414-i9511-Karachi_Sindh_Province.html
Singapore, https://www.tripadvisor.in/ShowForum-g294265-i1748-Singapore.html
Jakarta, https://www.tripadvisor.in/ShowForum-g294229-i9444-Jakarta_Java.html
Tokyo, https://www.tripadvisor.in/ShowForum-g298184-i861-Tokyo_Tokyo_Prefecture_Kanto.html
Seoul, https://www.tripadvisor.in/ShowForum-g294197-i8161-Seoul.html
Bukhara, https://www.tripadvisor.in/ShowForum-g303936-i12220-Bukhara_Bukhara_Province.html
Ulan Bator, https://www.tripadvisor.in/ShowForum-g293956-i9383-Ulaanbaatar.html
Kathmandu, https://www.tripadvisor.in/ShowForum-g293890-i9244-Kathmandu_Kathmandu_Valley_Bagmati_Zone_Central_Region.html
Melbourne, https://www.tripadvisor.in/ShowForum-g255100-i278-Melbourne_Victoria.html
Sydney, https://www.tripadvisor.in/ShowForum-g255060-i122-Sydney_New_South_Wales.html
Auckland, https://www.tripadvisor.in/ShowForum-g255106-i404-Auckland_Central_North_Island.html
Havana, https://www.tripadvisor.in/ShowForum-g147271-i387-Havana_Ciudad_de_la_Habana_Province_Cuba.html
Honolulu, https://www.tripadvisor.in/ShowForum-g60982-i38-Honolulu_Oahu_Hawaii.html
Kingston, https://www.tripadvisor.in/ShowForum-g147310-i806-Kingston_Kingston_Parish_Jamaica.html
Seychelles, https://www.tripadvisor.in/ShowForum-g293738-i9311-Seychelles.html
Dubai, https://www.tripadvisor.in/ShowForum-g295424-i872-Dubai_Emirate_of_Dubai.html
Cairo, https://www.tripadvisor.in/ShowForum-g294201-i9404-Cairo_Cairo_Governorate.html
Amman, https://www.tripadvisor.in/ShowForum-g293986-i3134-Amman_Amman_Governorate.html
Jerusalem, https://www.tripadvisor.in/ShowForum-g293983-i2582-Jerusalem_Jerusalem_District.html
Johannesburg, https://www.tripadvisor.in/ShowForum-g312578-i9273-Johannesburg_Greater_Johannesburg_Gauteng.html
Cape Town, https://www.tripadvisor.in/ShowForum-g312659-i9466-Cape_Town_Central_Western_Cape.html
Nairobi, https://www.tripadvisor.in/ShowForum-g294207-i9695-Nairobi.html
