k11911463, http://www.tripadvisor.in//ShowTopic-g312741-i979-k11911463-Best_way_to_use_money_in_Argentina-Buenos_Aires_Capital_Federal_District.html
k13243267, http://www.tripadvisor.in//ShowTopic-g312741-i979-k13243267-Day_trips_by_train_from_buenos_aires-Buenos_Aires_Capital_Federal_District.html
k13245750, http://www.tripadvisor.in//ShowTopic-g312741-i979-k13245750-Coronavirus_in_Latin_America-Buenos_Aires_Capital_Federal_District.html
k13270024, http://www.tripadvisor.in//ShowTopic-g312741-i979-k13270024-Returning_to_Europe_from_South_America-Buenos_Aires_Capital_Federal_District.html
k13275723, http://www.tripadvisor.in//ShowTopic-g312741-i979-k13275723-New_national_quarantine-Buenos_Aires_Capital_Federal_District.html
k13276749, http://www.tripadvisor.in//ShowTopic-g312741-i979-k13276749-URGENT_Getting_to_airport-Buenos_Aires_Capital_Federal_District.html
k13274994, http://www.tripadvisor.in//ShowTopic-g312741-i979-k13274994-Travel_restrictions-Buenos_Aires_Capital_Federal_District.html
k13264445, http://www.tripadvisor.in//ShowTopic-g312741-i979-k13264445-Looking_for_private_chef_and_trainer_in_Buenos_Aires-Buenos_Aires_Capital_Federal_District.html
k13275090, http://www.tripadvisor.in//ShowTopic-g312741-i979-k13275090-Aeronlineas_Argentinas_Internal_Flight_Iguazu_Cancellation-Buenos_Aires_Capital_Federal_Dis.html
k13273826, http://www.tripadvisor.in//ShowTopic-g312741-i979-k13273826-Aep_taxi-Buenos_Aires_Capital_Federal_District.html
k13265794, http://www.tripadvisor.in//ShowTopic-g312741-i979-k13265794-Information_on_Corona_Virus_in_Buenos_Aries-Buenos_Aires_Capital_Federal_District.html
k13265915, http://www.tripadvisor.in//ShowTopic-g312741-i979-k13265915-Buenos_Aires_in_May_concerns_about_travel_due_to_Corona-Buenos_Aires_Capital_Federal_Distri.html
k13249572, http://www.tripadvisor.in//ShowTopic-g312741-i979-k13249572-Travel_in_south_America_Peru_Uruguay_Chili_and_Argentin-Buenos_Aires_Capital_Federal_Distri.html
k13270021, http://www.tripadvisor.in//ShowTopic-g312741-i979-k13270021-Current_Places_closed_in_Buenos_Aire-Buenos_Aires_Capital_Federal_District.html
k13271309, http://www.tripadvisor.in//ShowTopic-g312741-i979-k13271309-College_and_Young_Adults_crowd-Buenos_Aires_Capital_Federal_District.html
k13271253, http://www.tripadvisor.in//ShowTopic-g312741-i979-k13271253-How_to_change_extra_ARS_pesos_before_leaving-Buenos_Aires_Capital_Federal_District.html
k13270776, http://www.tripadvisor.in//ShowTopic-g312741-i979-k13270776-Paying_with_CLP_in_Argentina-Buenos_Aires_Capital_Federal_District.html
k13269815, http://www.tripadvisor.in//ShowTopic-g312741-i979-k13269815-Need_to_buy_a_phone_in_BA-Buenos_Aires_Capital_Federal_District.html
k13269029, http://www.tripadvisor.in//ShowTopic-g312741-i979-k13269029-Covid_19-Buenos_Aires_Capital_Federal_District.html
k13264838, http://www.tripadvisor.in//ShowTopic-g312741-i979-k13264838-Banco_de_nations_at_terminal_c_buenos_aires-Buenos_Aires_Capital_Federal_District.html
k13251723, http://www.tripadvisor.in//ShowTopic-g312741-i979-k13251723-Ferry_to_Colonia-Buenos_Aires_Capital_Federal_District.html
k13265449, http://www.tripadvisor.in//ShowTopic-g312741-i979-k13265449-Wheelchair_accessibility-Buenos_Aires_Capital_Federal_District.html
k13264876, http://www.tripadvisor.in//ShowTopic-g312741-i979-k13264876-Help_1_week_to_plan_9_nights_in_BA-Buenos_Aires_Capital_Federal_District.html
k13221379, http://www.tripadvisor.in//ShowTopic-g312741-i979-k13221379-Cambio_Palermo_Soho-Buenos_Aires_Capital_Federal_District.html
k13264332, http://www.tripadvisor.in//ShowTopic-g312741-i979-k13264332-Earplugs_Buenos_Aires-Buenos_Aires_Capital_Federal_District.html
k13263520, http://www.tripadvisor.in//ShowTopic-g312741-i979-k13263520-Teatro_Colon_tickets_now_on_sale-Buenos_Aires_Capital_Federal_District.html
k13257857, http://www.tripadvisor.in//ShowTopic-g312741-i979-k13257857-EZE_transfer_to_IGU_flight-Buenos_Aires_Capital_Federal_District.html
k12733689, http://www.tripadvisor.in//ShowTopic-g312741-i979-k12733689-Luggage_storage_at_near_Colonia_Express_ferry_terminal-Buenos_Aires_Capital_Federal_Distric.html
k13261203, http://www.tripadvisor.in//ShowTopic-g312741-i979-k13261203-Feria_markets_saturdays-Buenos_Aires_Capital_Federal_District.html
k13238004, http://www.tripadvisor.in//ShowTopic-g312741-i979-k13238004-Confused_about_Hop_On_Hop_Off_Busses-Buenos_Aires_Capital_Federal_District.html
k13261248, http://www.tripadvisor.in//ShowTopic-g312741-i979-k13261248-River_plate_tickets_11th_March_vs_Binacional-Buenos_Aires_Capital_Federal_District.html
k13258333, http://www.tripadvisor.in//ShowTopic-g312741-i979-k13258333-El_Tigre_delta-Buenos_Aires_Capital_Federal_District.html
k13258949, http://www.tripadvisor.in//ShowTopic-g312741-i979-k13258949-Flight_from_AEP_to_USH-Buenos_Aires_Capital_Federal_District.html
k13257080, http://www.tripadvisor.in//ShowTopic-g312741-i979-k13257080-Connection_in_EZE_from_Air_Europa_to_Aerolineas_Argentinas-Buenos_Aires_Capital_Federal_Dis.html
k13193702, http://www.tripadvisor.in//ShowTopic-g312741-i979-k13193702-What_Subte_Stations_are_currently_closed-Buenos_Aires_Capital_Federal_District.html
k13256819, http://www.tripadvisor.in//ShowTopic-g312741-i979-k13256819-2022_World_Cup_Qualifying-Buenos_Aires_Capital_Federal_District.html
k13251766, http://www.tripadvisor.in//ShowTopic-g312741-i979-k13251766-Exchange_houses-Buenos_Aires_Capital_Federal_District.html
k13254743, http://www.tripadvisor.in//ShowTopic-g312741-i979-k13254743-4_5_weeks_in_BA-Buenos_Aires_Capital_Federal_District.html
k13254109, http://www.tripadvisor.in//ShowTopic-g312741-i979-k13254109-Zika_mosquitoes_in_Buenos_Aires_in_April-Buenos_Aires_Capital_Federal_District.html
k13253910, http://www.tripadvisor.in//ShowTopic-g312741-i979-k13253910-Taxi_guidance_from_Palermo_Hollywood_to_EZE_lesson_learned-Buenos_Aires_Capital_Federal_Dis.html
k13250594, http://www.tripadvisor.in//ShowTopic-g312741-i979-k13250594-Data_SIM_card_in_Argentina-Buenos_Aires_Capital_Federal_District.html
k13150419, http://www.tripadvisor.in//ShowTopic-g312741-i979-k13150419-Where_to_buy_a_mask_and_snorkel-Buenos_Aires_Capital_Federal_District.html
k12893068, http://www.tripadvisor.in//ShowTopic-g312741-i979-k12893068-March_Break_in_Argentina-Buenos_Aires_Capital_Federal_District.html
k13251722, http://www.tripadvisor.in//ShowTopic-g312741-i979-k13251722-Shuttle_from_EZE_airport-Buenos_Aires_Capital_Federal_District.html
k13229116, http://www.tripadvisor.in//ShowTopic-g312741-i979-k13229116-Cash_society_U_S_dollars_and_pesos-Buenos_Aires_Capital_Federal_District.html
k13250189, http://www.tripadvisor.in//ShowTopic-g312741-i979-k13250189-Gaucho_Day_Tour_Tipping-Buenos_Aires_Capital_Federal_District.html
k13240052, http://www.tripadvisor.in//ShowTopic-g312741-i979-k13240052-Colonia_Ferry_Bus-Buenos_Aires_Capital_Federal_District.html
k13249355, http://www.tripadvisor.in//ShowTopic-g312741-i979-k13249355-Does_Personal_offer_Roaming_package_for_South_America-Buenos_Aires_Capital_Federal_District.html
k13212776, http://www.tripadvisor.in//ShowTopic-g312741-i979-k13212776-Don_t_leave_without_seeing-Buenos_Aires_Capital_Federal_District.html
k13247423, http://www.tripadvisor.in//ShowTopic-g312741-i979-k13247423-Pre_pay_travel_cards-Buenos_Aires_Capital_Federal_District.html
k13243271, http://www.tripadvisor.in//ShowTopic-g312741-i979-k13243271-A_visit_to_Colonia_del_Sacramento-Buenos_Aires_Capital_Federal_District.html
k13246044, http://www.tripadvisor.in//ShowTopic-g312741-i979-k13246044-Sileo_vs_Casasur-Buenos_Aires_Capital_Federal_District.html
k13213395, http://www.tripadvisor.in//ShowTopic-g312741-i979-k13213395-Apartment_location-Buenos_Aires_Capital_Federal_District.html
k13245805, http://www.tripadvisor.in//ShowTopic-g312741-i979-k13245805-Word_question_teeth_whitening-Buenos_Aires_Capital_Federal_District.html
k10227989, http://www.tripadvisor.in//ShowTopic-g312741-i979-k10227989-Taxi_from_EZE_airport_to_Buenos_Aires-Buenos_Aires_Capital_Federal_District.html
k11205818, http://www.tripadvisor.in//ShowTopic-g312741-i979-k11205818-Private_driver_with_a_car-Buenos_Aires_Capital_Federal_District.html
k13236218, http://www.tripadvisor.in//ShowTopic-g312741-i979-k13236218-Do_you_have_to_show_your_passport_when_buying_train_ticketBA-Buenos_Aires_Capital_Federal_D.html
k11584876, http://www.tripadvisor.in//ShowTopic-g312741-i979-k11584876-Is_Buenos_Aires_really_SO_dangerous-Buenos_Aires_Capital_Federal_District.html
k13237057, http://www.tripadvisor.in//ShowTopic-g312741-i979-k13237057-Carnaval_2020-Buenos_Aires_Capital_Federal_District.html
k13236063, http://www.tripadvisor.in//ShowTopic-g312741-i979-k13236063-Unique_dining_and_evening_experiences-Buenos_Aires_Capital_Federal_District.html
k13244003, http://www.tripadvisor.in//ShowTopic-g312741-i979-k13244003-Parke_Las_Heras_area-Buenos_Aires_Capital_Federal_District.html
k13240630, http://www.tripadvisor.in//ShowTopic-g312741-i979-k13240630-Help_Deciding_on_a_few_hotels-Buenos_Aires_Capital_Federal_District.html
k12988581, http://www.tripadvisor.in//ShowTopic-g312741-i979-k12988581-Reasonable_transportation_to_from_EZE_to_retiro_area-Buenos_Aires_Capital_Federal_District.html
k13237639, http://www.tripadvisor.in//ShowTopic-g312741-i979-k13237639-Recommendations_for_Jewish_Tour_in_BA-Buenos_Aires_Capital_Federal_District.html
k13238084, http://www.tripadvisor.in//ShowTopic-g312741-i979-k13238084-How_to_Make_a_Reservation_at_La_Carniceria-Buenos_Aires_Capital_Federal_District.html
k13241313, http://www.tripadvisor.in//ShowTopic-g312741-i979-k13241313-Germaphobe-Buenos_Aires_Capital_Federal_District.html
k13241150, http://www.tripadvisor.in//ShowTopic-g312741-i979-k13241150-Visas-Buenos_Aires_Capital_Federal_District.html
k13222590, http://www.tripadvisor.in//ShowTopic-g312741-i979-k13222590-Apartment_with_Indoor_Heated_Pool-Buenos_Aires_Capital_Federal_District.html
k13238552, http://www.tripadvisor.in//ShowTopic-g312741-i979-k13238552-Battery_packs_for_iPhones-Buenos_Aires_Capital_Federal_District.html
k13237848, http://www.tripadvisor.in//ShowTopic-g312741-i979-k13237848-Salta_Valley-Buenos_Aires_Capital_Federal_District.html
k13237071, http://www.tripadvisor.in//ShowTopic-g312741-i979-k13237071-Best_way_from_Ezeiza_to_Tandil-Buenos_Aires_Capital_Federal_District.html
k13235956, http://www.tripadvisor.in//ShowTopic-g312741-i979-k13235956-Pedido_de_Asistencia_Tour_Guide_Buenos_Aires-Buenos_Aires_Capital_Federal_District.html
k13235767, http://www.tripadvisor.in//ShowTopic-g312741-i979-k13235767-Just_a_Safety_Reminder-Buenos_Aires_Capital_Federal_District.html
k13128533, http://www.tripadvisor.in//ShowTopic-g312741-i979-k13128533-Safety_feeling_and_other_questions-Buenos_Aires_Capital_Federal_District.html
k13233082, http://www.tripadvisor.in//ShowTopic-g312741-i979-k13233082-Duque_hotel-Buenos_Aires_Capital_Federal_District.html
k13234810, http://www.tripadvisor.in//ShowTopic-g312741-i979-k13234810-Afternoon_Layover_in_BA_Staying_in_Palermo_Suggestions-Buenos_Aires_Capital_Federal_Distric.html
k13229100, http://www.tripadvisor.in//ShowTopic-g312741-i979-k13229100-Argentina_tourist_visa_process_for_arriving_U_S_citizens-Buenos_Aires_Capital_Federal_Distr.html
k13229105, http://www.tripadvisor.in//ShowTopic-g312741-i979-k13229105-Where_to_pick_up_Uber_ride_at_EZE-Buenos_Aires_Capital_Federal_District.html
k13232326, http://www.tripadvisor.in//ShowTopic-g312741-i979-k13232326-2_Days_in_Buenos_Aires_Lodging-Buenos_Aires_Capital_Federal_District.html
k13227140, http://www.tripadvisor.in//ShowTopic-g312741-i979-k13227140-Recoleta_cemetery_free_tours-Buenos_Aires_Capital_Federal_District.html
k13227132, http://www.tripadvisor.in//ShowTopic-g312741-i979-k13227132-Buenos_Aires_end_of_May_and_other_places-Buenos_Aires_Capital_Federal_District.html
k13220782, http://www.tripadvisor.in//ShowTopic-g312741-i979-k13220782-Casa_Rosada_tours-Buenos_Aires_Capital_Federal_District.html
k13224893, http://www.tripadvisor.in//ShowTopic-g312741-i979-k13224893-Romantic_couple_dinner_degustation_or_picnic_near_Palmermo-Buenos_Aires_Capital_Federal_Dis.html
k13218911, http://www.tripadvisor.in//ShowTopic-g312741-i979-k13218911-Which_area_for_hotel_first_timers_and_side_trips-Buenos_Aires_Capital_Federal_District.html
k13221412, http://www.tripadvisor.in//ShowTopic-g312741-i979-k13221412-Early_morning_flight_from_EZE-Buenos_Aires_Capital_Federal_District.html
k13219723, http://www.tripadvisor.in//ShowTopic-g312741-i979-k13219723-Airport_transportation-Buenos_Aires_Capital_Federal_District.html
k13217364, http://www.tripadvisor.in//ShowTopic-g312741-i979-k13217364-Transfer_time_from_EZE_to_AEP-Buenos_Aires_Capital_Federal_District.html
k13222389, http://www.tripadvisor.in//ShowTopic-g312741-i979-k13222389-Good_mid_range_restaurants_in_Buenos_Aires-Buenos_Aires_Capital_Federal_District.html
k13221457, http://www.tripadvisor.in//ShowTopic-g312741-i979-k13221457-Paying_for_cabs_taxis_and_metro-Buenos_Aires_Capital_Federal_District.html
k13219521, http://www.tripadvisor.in//ShowTopic-g312741-i979-k13219521-Carnival_2020_in_Buenos_Aires-Buenos_Aires_Capital_Federal_District.html
k13219617, http://www.tripadvisor.in//ShowTopic-g312741-i979-k13219617-Tango_lessons-Buenos_Aires_Capital_Federal_District.html
k13220799, http://www.tripadvisor.in//ShowTopic-g312741-i979-k13220799-Where_is_the_Tourist_Information_office_located_in_EZE-Buenos_Aires_Capital_Federal_Distric.html
k13220718, http://www.tripadvisor.in//ShowTopic-g312741-i979-k13220718-Cruising-Buenos_Aires_Capital_Federal_District.html
k13218631, http://www.tripadvisor.in//ShowTopic-g312741-i979-k13218631-Cabify-Buenos_Aires_Capital_Federal_District.html
k13219536, http://www.tripadvisor.in//ShowTopic-g312741-i979-k13219536-Foreign_traveler_rip_off-Buenos_Aires_Capital_Federal_District.html
k13216822, http://www.tripadvisor.in//ShowTopic-g312741-i979-k13216822-Is_it_possible_to_buy_sim_card_Eze_airport-Buenos_Aires_Capital_Federal_District.html
k13217155, http://www.tripadvisor.in//ShowTopic-g312741-i979-k13217155-Argentina_colored_ribbons-Buenos_Aires_Capital_Federal_District.html
k13217425, http://www.tripadvisor.in//ShowTopic-g312741-i979-k13217425-Review_of_Rojo_Tango_at_the_Faena-Buenos_Aires_Capital_Federal_District.html
k13216999, http://www.tripadvisor.in//ShowTopic-g312741-i979-k13216999-Best_business_class_experience_from_Europe_Direct-Buenos_Aires_Capital_Federal_District.html
