k13275544, http://www.tripadvisor.in//ShowTopic-g154943-i81-k13275544-3_Week_Vancouver_Seattle_Portland_Trip_this_spring_summer-Vancouver_British_Columbia.html
k12523049, http://www.tripadvisor.in//ShowTopic-g154943-i81-k12523049-Best_legal_place_to_buy_weed-Vancouver_British_Columbia.html
k13274931, http://www.tripadvisor.in//ShowTopic-g154943-i81-k13274931-What_to_expect_food_airport_hotels_etc-Vancouver_British_Columbia.html
k13276796, http://www.tripadvisor.in//ShowTopic-g154943-i81-k13276796-Moving_to_Vancouver_from_Sydney-Vancouver_British_Columbia.html
k13272618, http://www.tripadvisor.in//ShowTopic-g154943-i81-k13272618-Opinion_on_travelling_to_Vancouver_BC_In_May-Vancouver_British_Columbia.html
k12821708, http://www.tripadvisor.in//ShowTopic-g154943-i81-k12821708-EasyPark_parking_violation_help-Vancouver_British_Columbia.html
k13270277, http://www.tripadvisor.in//ShowTopic-g154943-i81-k13270277-Vancouver_Mar_22_28-Vancouver_British_Columbia.html
k13271950, http://www.tripadvisor.in//ShowTopic-g154943-i81-k13271950-VIA_Rail_s_Vancouver_Toronto_Canadian_Cancelled-Vancouver_British_Columbia.html
k13268943, http://www.tripadvisor.in//ShowTopic-g154943-i81-k13268943-Cruise_ships-Vancouver_British_Columbia.html
k13265585, http://www.tripadvisor.in//ShowTopic-g154943-i81-k13265585-Border_crossing_during_the_virus_situation-Vancouver_British_Columbia.html
k13269558, http://www.tripadvisor.in//ShowTopic-g154943-i81-k13269558-Vancouver_in_September-Vancouver_British_Columbia.html
k13260378, http://www.tripadvisor.in//ShowTopic-g154943-i81-k13260378-How_to_spend_10_days_in_and_around_the_Vancouver_area-Vancouver_British_Columbia.html
k13269553, http://www.tripadvisor.in//ShowTopic-g154943-i81-k13269553-Philippine_airlines-Vancouver_British_Columbia.html
k11519891, http://www.tripadvisor.in//ShowTopic-g154943-i81-k11519891-Have_DUI_Cruise_ship_to_airport_Problems-Vancouver_British_Columbia.html
k13268924, http://www.tripadvisor.in//ShowTopic-g154943-i81-k13268924-Border_crossing-Vancouver_British_Columbia.html
k13268142, http://www.tripadvisor.in//ShowTopic-g154943-i81-k13268142-Air_BnB_sting_operation-Vancouver_British_Columbia.html
k13265503, http://www.tripadvisor.in//ShowTopic-g154943-i81-k13265503-Better_hotel_Rosewood_Georgia_or_L_Hermitage-Vancouver_British_Columbia.html
k13265417, http://www.tripadvisor.in//ShowTopic-g154943-i81-k13265417-1_5_days_in_Vancouver-Vancouver_British_Columbia.html
k13257414, http://www.tripadvisor.in//ShowTopic-g154943-i81-k13257414-Visiting_in_July_August-Vancouver_British_Columbia.html
k13265751, http://www.tripadvisor.in//ShowTopic-g154943-i81-k13265751-Tsawwassen_ferry_terminal_where_should_we_stay_prior-Vancouver_British_Columbia.html
k13260575, http://www.tripadvisor.in//ShowTopic-g154943-i81-k13260575-Travelling_around_West_Canada_without_a_car-Vancouver_British_Columbia.html
k13256348, http://www.tripadvisor.in//ShowTopic-g154943-i81-k13256348-Planning_for_April_visit-Vancouver_British_Columbia.html
k13257087, http://www.tripadvisor.in//ShowTopic-g154943-i81-k13257087-Prepay_Hotels_con-Vancouver_British_Columbia.html
k13241642, http://www.tripadvisor.in//ShowTopic-g154943-i81-k13241642-Veggie_restaurants_poutine-Vancouver_British_Columbia.html
k13259792, http://www.tripadvisor.in//ShowTopic-g154943-i81-k13259792-Vancouver_trip_in_July-Vancouver_British_Columbia.html
k13260362, http://www.tripadvisor.in//ShowTopic-g154943-i81-k13260362-Returning_from_US_to_Vancouver-Vancouver_British_Columbia.html
k13262721, http://www.tripadvisor.in//ShowTopic-g154943-i81-k13262721-Driving_to_the_USA-Vancouver_British_Columbia.html
k13262227, http://www.tripadvisor.in//ShowTopic-g154943-i81-k13262227-Downtown_hotel_for_kids-Vancouver_British_Columbia.html
k13253601, http://www.tripadvisor.in//ShowTopic-g154943-i81-k13253601-Where_to_stay-Vancouver_British_Columbia.html
k13254641, http://www.tripadvisor.in//ShowTopic-g154943-i81-k13254641-Critique_my_itinerary-Vancouver_British_Columbia.html
k13255691, http://www.tripadvisor.in//ShowTopic-g154943-i81-k13255691-Cottage_Area_in_Vancouver_Island-Vancouver_British_Columbia.html
k13253509, http://www.tripadvisor.in//ShowTopic-g154943-i81-k13253509-Help_me_pick_a_pub-Vancouver_British_Columbia.html
k13254460, http://www.tripadvisor.in//ShowTopic-g154943-i81-k13254460-Planned_walk_clashes_with_Celebration_of_Lights-Vancouver_British_Columbia.html
k13254292, http://www.tripadvisor.in//ShowTopic-g154943-i81-k13254292-Vancouver_Island_Ferry-Vancouver_British_Columbia.html
k13252049, http://www.tripadvisor.in//ShowTopic-g154943-i81-k13252049-Cruise_ship_parking_at_a_casino-Vancouver_British_Columbia.html
k13253472, http://www.tripadvisor.in//ShowTopic-g154943-i81-k13253472-Vegan_sushi-Vancouver_British_Columbia.html
k13248926, http://www.tripadvisor.in//ShowTopic-g154943-i81-k13248926-Going_to_Customs-Vancouver_British_Columbia.html
k12689880, http://www.tripadvisor.in//ShowTopic-g154943-i81-k12689880-Itinerary_Help_July_2020-Vancouver_British_Columbia.html
k13251454, http://www.tripadvisor.in//ShowTopic-g154943-i81-k13251454-2_days_in_Vancouver_sea_to_sky_highway-Vancouver_British_Columbia.html
k13250796, http://www.tripadvisor.in//ShowTopic-g154943-i81-k13250796-Vancouver_International_Premium_Lounge-Vancouver_British_Columbia.html
k13250664, http://www.tripadvisor.in//ShowTopic-g154943-i81-k13250664-Central_hotels-Vancouver_British_Columbia.html
k13248434, http://www.tripadvisor.in//ShowTopic-g154943-i81-k13248434-False_Creek_Ferry-Vancouver_British_Columbia.html
k13249881, http://www.tripadvisor.in//ShowTopic-g154943-i81-k13249881-Logistics_for_a_loop_Seattle_Vancouver_Victoria-Vancouver_British_Columbia.html
k13248108, http://www.tripadvisor.in//ShowTopic-g154943-i81-k13248108-Taxis_cash_or_cc-Vancouver_British_Columbia.html
k13249298, http://www.tripadvisor.in//ShowTopic-g154943-i81-k13249298-Car_Hire-Vancouver_British_Columbia.html
k13248915, http://www.tripadvisor.in//ShowTopic-g154943-i81-k13248915-Cruise_Ship_to_Airport-Vancouver_British_Columbia.html
k13243643, http://www.tripadvisor.in//ShowTopic-g154943-i81-k13243643-Thrift_shopping_in_Vancouver-Vancouver_British_Columbia.html
k13248478, http://www.tripadvisor.in//ShowTopic-g154943-i81-k13248478-Hotel_on_Hop_On_Hop_Off_Bus_Route_Recommendations_please-Vancouver_British_Columbia.html
k13247024, http://www.tripadvisor.in//ShowTopic-g154943-i81-k13247024-AirBnB_Short_Term_Rental-Vancouver_British_Columbia.html
k13247967, http://www.tripadvisor.in//ShowTopic-g154943-i81-k13247967-Travel_time_Canada_Place_to_Vancouver_International-Vancouver_British_Columbia.html
k13177731, http://www.tripadvisor.in//ShowTopic-g154943-i81-k13177731-Grocery_shopping_on_the_way_from_Lynden_to_Whistler-Vancouver_British_Columbia.html
k13245875, http://www.tripadvisor.in//ShowTopic-g154943-i81-k13245875-Help_getting_from_the_port_in_Vancouver_to_Seattle-Vancouver_British_Columbia.html
k13242810, http://www.tripadvisor.in//ShowTopic-g154943-i81-k13242810-Vancouver_or_Victoria_with_3_and_1_year_olds-Vancouver_British_Columbia.html
k13246296, http://www.tripadvisor.in//ShowTopic-g154943-i81-k13246296-Is_our_bucket_list_trip_to_canada_in_jeopardy-Vancouver_British_Columbia.html
k13247876, http://www.tripadvisor.in//ShowTopic-g154943-i81-k13247876-Hotel_area_recommendations-Vancouver_British_Columbia.html
k13247042, http://www.tripadvisor.in//ShowTopic-g154943-i81-k13247042-Advice_on_areas_and_commuting_please-Vancouver_British_Columbia.html
k13192553, http://www.tripadvisor.in//ShowTopic-g154943-i81-k13192553-Long_wait_in_line_for_taxis_at_Vancouver_airport-Vancouver_British_Columbia.html
k13246207, http://www.tripadvisor.in//ShowTopic-g154943-i81-k13246207-Around_Vancouver_With_out_Rental-Vancouver_British_Columbia.html
k13244254, http://www.tripadvisor.in//ShowTopic-g154943-i81-k13244254-Sky_train_to_Canada_Place-Vancouver_British_Columbia.html
k13231139, http://www.tripadvisor.in//ShowTopic-g154943-i81-k13231139-Wedding_Proposal_Help-Vancouver_British_Columbia.html
k13243881, http://www.tripadvisor.in//ShowTopic-g154943-i81-k13243881-Time_to_allow_YVR_to_Seattle-Vancouver_British_Columbia.html
k13240550, http://www.tripadvisor.in//ShowTopic-g154943-i81-k13240550-4_Month_in_USA_and_Canada_overstay_for_ESTA-Vancouver_British_Columbia.html
k13242750, http://www.tripadvisor.in//ShowTopic-g154943-i81-k13242750-Trans_Canada_Highway_at_night-Vancouver_British_Columbia.html
k13242797, http://www.tripadvisor.in//ShowTopic-g154943-i81-k13242797-Sea_to_Sky_or_Peak_to_Peak_Gondola_in_April-Vancouver_British_Columbia.html
k13242767, http://www.tripadvisor.in//ShowTopic-g154943-i81-k13242767-The_Landis_or_Sunset_Inn_3_night_trip_6_people_4_teens-Vancouver_British_Columbia.html
k13242324, http://www.tripadvisor.in//ShowTopic-g154943-i81-k13242324-Early_morning_openings-Vancouver_British_Columbia.html
k13240882, http://www.tripadvisor.in//ShowTopic-g154943-i81-k13240882-Massey_tunnel-Vancouver_British_Columbia.html
k13242262, http://www.tripadvisor.in//ShowTopic-g154943-i81-k13242262-Vancouver_airport_question-Vancouver_British_Columbia.html
k13242257, http://www.tripadvisor.in//ShowTopic-g154943-i81-k13242257-Dim_Sum_in_Richmond-Vancouver_British_Columbia.html
k13242374, http://www.tripadvisor.in//ShowTopic-g154943-i81-k13242374-Rental_car_or_Amtrak-Vancouver_British_Columbia.html
k13242194, http://www.tripadvisor.in//ShowTopic-g154943-i81-k13242194-1_week_stay_in_Vancouver_on_a_budget-Vancouver_British_Columbia.html
k13239100, http://www.tripadvisor.in//ShowTopic-g154943-i81-k13239100-Amtrak_from_Vancouver_into_Mt_Vernon-Vancouver_British_Columbia.html
k13239231, http://www.tripadvisor.in//ShowTopic-g154943-i81-k13239231-Seaplane_to_Seattle_immigration-Vancouver_British_Columbia.html
k13237878, http://www.tripadvisor.in//ShowTopic-g154943-i81-k13237878-Road_trip_from_Vancouver_to_Yosemite_National_Park-Vancouver_British_Columbia.html
k13223911, http://www.tripadvisor.in//ShowTopic-g154943-i81-k13223911-2_nights_in_August_hotels_shortlisted-Vancouver_British_Columbia.html
k13238016, http://www.tripadvisor.in//ShowTopic-g154943-i81-k13238016-Trip_with_baby-Vancouver_British_Columbia.html
k13024221, http://www.tripadvisor.in//ShowTopic-g154943-i81-k13024221-New_Translink_Trip_Planner-Vancouver_British_Columbia.html
k13234797, http://www.tripadvisor.in//ShowTopic-g154943-i81-k13234797-Vancouver_in_August-Vancouver_British_Columbia.html
k13237833, http://www.tripadvisor.in//ShowTopic-g154943-i81-k13237833-Bike_Rentals_in_Vancouver-Vancouver_British_Columbia.html
k13233024, http://www.tripadvisor.in//ShowTopic-g154943-i81-k13233024-4_cities_in_2_weeks_Montreal_to_Vanc_does_it_make_sense-Vancouver_British_Columbia.html
k13233636, http://www.tripadvisor.in//ShowTopic-g154943-i81-k13233636-Work_Space_near_Vancouver_Airport-Vancouver_British_Columbia.html
k13235124, http://www.tripadvisor.in//ShowTopic-g154943-i81-k13235124-VANCOUVER_Bar_recommendations_for_two_different_occasions-Vancouver_British_Columbia.html
k13227909, http://www.tripadvisor.in//ShowTopic-g154943-i81-k13227909-Hotel_prices-Vancouver_British_Columbia.html
k13236013, http://www.tripadvisor.in//ShowTopic-g154943-i81-k13236013-Road_travel-Vancouver_British_Columbia.html
k13234048, http://www.tripadvisor.in//ShowTopic-g154943-i81-k13234048-Whistler_Summer_trip_Ideas-Vancouver_British_Columbia.html
k13232703, http://www.tripadvisor.in//ShowTopic-g154943-i81-k13232703-Travelling_with_suitcases_from_Airport_using_Skytrain-Vancouver_British_Columbia.html
k13231940, http://www.tripadvisor.in//ShowTopic-g154943-i81-k13231940-Blue_Horizon_nearby_late_night_eats-Vancouver_British_Columbia.html
k13233685, http://www.tripadvisor.in//ShowTopic-g154943-i81-k13233685-Bachlorette_Where_to_stay_activity_suggestions-Vancouver_British_Columbia.html
k13227391, http://www.tripadvisor.in//ShowTopic-g154943-i81-k13227391-Vancouver_in_March_with_kids-Vancouver_British_Columbia.html
k10793896, http://www.tripadvisor.in//ShowTopic-g154943-i81-k10793896-Where_to_buy_bear_spray-Vancouver_British_Columbia.html
k13228905, http://www.tripadvisor.in//ShowTopic-g154943-i81-k13228905-I94_Waiver_or_ESTA-Vancouver_British_Columbia.html
k13231770, http://www.tripadvisor.in//ShowTopic-g154943-i81-k13231770-2_week_parking-Vancouver_British_Columbia.html
k13225949, http://www.tripadvisor.in//ShowTopic-g154943-i81-k13225949-First_Time_RV_holiday-Vancouver_British_Columbia.html
k13227890, http://www.tripadvisor.in//ShowTopic-g154943-i81-k13227890-Granville_Island_Taxi_Question-Vancouver_British_Columbia.html
k13230493, http://www.tripadvisor.in//ShowTopic-g154943-i81-k13230493-Vancouver_airport_to_east_Vancouver_taxi-Vancouver_British_Columbia.html
k13225827, http://www.tripadvisor.in//ShowTopic-g154943-i81-k13225827-Peak_fall_period_in_Vancouver-Vancouver_British_Columbia.html
k11685238, http://www.tripadvisor.in//ShowTopic-g154943-i81-k11685238-From_Vancouver_to_Seattle_by_train-Vancouver_British_Columbia.html
k13228157, http://www.tripadvisor.in//ShowTopic-g154943-i81-k13228157-Better_Choice_of_Hotel-Vancouver_British_Columbia.html
k13223530, http://www.tripadvisor.in//ShowTopic-g154943-i81-k13223530-Safety_when_parking_my_car_for_a_day_or_two-Vancouver_British_Columbia.html
k13219493, http://www.tripadvisor.in//ShowTopic-g154943-i81-k13219493-Quick_2_days_in_mid_March_help_with_what_to_do-Vancouver_British_Columbia.html
