New York, https://www.tripadvisor.in/ShowForum-g60763-i5-New_York_City_New_York.html
Washington DC, https://www.tripadvisor.in/ShowForum-g28970-i40-Washington_DC_District_of_Columbia.html
Chicago, https://www.tripadvisor.in/ShowForum-g35805-i32-Chicago_Illinois.html
San Francisco, https://www.tripadvisor.in/ShowForum-g60713-i30-San_Francisco_California.html
Mexico City, https://www.tripadvisor.in/ShowForum-g150800-i164-Mexico_City_Central_Mexico_and_Gulf_Coast.html
Miami, https://www.tripadvisor.in/ShowForum-g34438-i92-Miami_Florida.html
Vancouver, https://www.tripadvisor.in/ShowForum-g154943-i81-Vancouver_British_Columbia.html
Sao Paulo, https://www.tripadvisor.in/ShowForum-g303631-i2161-Sao_Paulo_State_of_Sao_Paulo.html
Buenous Aires, https://www.tripadvisor.in/ShowForum-g312741-i979-Buenos_Aires_Capital_Federal_District.html
Rio De Janeiro, https://www.tripadvisor.in/ShowForum-g303506-i1199-Rio_de_Janeiro_State_of_Rio_de_Janeiro.html
