London, https://www.tripadvisor.in/ShowForum-g186338-i17-London_England.html
Dublin, https://www.tripadvisor.in/ShowForum-g186605-i90-Dublin_County_Dublin.html
Paris, https://www.tripadvisor.in/ShowForum-g187147-i14-Paris_Ile_de_France.html
Rome, https://www.tripadvisor.in/ShowForum-g187791-i22-Rome_Lazio.html
Stockholm, https://www.tripadvisor.in/ShowForum-g189852-i233-Stockholm.html
Oslo, https://www.tripadvisor.in/ShowForum-g190479-i551-Oslo_Eastern_Norway.html
Zurich, https://www.tripadvisor.in/ShowForum-g188113-i337-Zurich.html
Vienna, https://www.tripadvisor.in/ShowForum-g190454-i147-Vienna.html
Berlin, https://www.tripadvisor.in/ShowForum-g187323-i135-Berlin.html
Budapest, https://www.tripadvisor.in/ShowForum-g274887-i263-Budapest_Central_Hungary.html
Bucharest, https://www.tripadvisor.in/ShowForum-g294458-i3832-Bucharest.html
Moscow, https://www.tripadvisor.in/ShowForum-g298484-i718-Moscow_Central_Russia.html
Amsterdam, https://www.tripadvisor.in/ShowForum-g188590-i60-Amsterdam_North_Holland_Province.html
