k13260571, http://www.tripadvisor.in//ShowTopic-g35805-i32-k13260571-Traveling_next_week_to_Chicago_from_UK-Chicago_Illinois.html
k13277992, http://www.tripadvisor.in//ShowTopic-g35805-i32-k13277992-Another_one_bites_the_dust_for_now-Chicago_Illinois.html
k13277395, http://www.tripadvisor.in//ShowTopic-g35805-i32-k13277395-Favorite_books_about_Chicago-Chicago_Illinois.html
k13278995, http://www.tripadvisor.in//ShowTopic-g35805-i32-k13278995-How_s_driving_from_MN_to_Chicago_now-Chicago_Illinois.html
k13279416, http://www.tripadvisor.in//ShowTopic-g35805-i32-k13279416-Lakefront_and_parks_are_closed-Chicago_Illinois.html
k13278672, http://www.tripadvisor.in//ShowTopic-g35805-i32-k13278672-Are_the_hostels_open-Chicago_Illinois.html
k13275420, http://www.tripadvisor.in//ShowTopic-g35805-i32-k13275420-Hotels_Closing-Chicago_Illinois.html
k13267732, http://www.tripadvisor.in//ShowTopic-g35805-i32-k13267732-Which_hotel-Chicago_Illinois.html
k13270801, http://www.tripadvisor.in//ShowTopic-g35805-i32-k13270801-Are_Movie_Theaters_the_next_victim_of_Coronavirus-Chicago_Illinois.html
k13269003, http://www.tripadvisor.in//ShowTopic-g35805-i32-k13269003-What_s_closed_and_open-Chicago_Illinois.html
k13257361, http://www.tripadvisor.in//ShowTopic-g35805-i32-k13257361-Passport_check_coming_back_from_another_country-Chicago_Illinois.html
k13265096, http://www.tripadvisor.in//ShowTopic-g35805-i32-k13265096-St_Patrick_s_Day_Fun_w_Kids_Sat_Mar_14-Chicago_Illinois.html
k13270382, http://www.tripadvisor.in//ShowTopic-g35805-i32-k13270382-Visiting_next_weekend-Chicago_Illinois.html
k13271063, http://www.tripadvisor.in//ShowTopic-g35805-i32-k13271063-Illinois_Tollway_to_Implement_All_Electronic_Tolling-Chicago_Illinois.html
k13273468, http://www.tripadvisor.in//ShowTopic-g35805-i32-k13273468-Happy_St_Patrick_s_Day_Chicago-Chicago_Illinois.html
k13268853, http://www.tripadvisor.in//ShowTopic-g35805-i32-k13268853-Shedd_Aquarium_closing_until_March_29th-Chicago_Illinois.html
k13146993, http://www.tripadvisor.in//ShowTopic-g35805-i32-k13146993-3_Nights_in_Chicago_IL_1_or_2_nights_in_Madison_WI_in_Apr-Chicago_Illinois.html
k13268271, http://www.tripadvisor.in//ShowTopic-g35805-i32-k13268271-Lincoln_Park_Zoo_closed_through_April_10th-Chicago_Illinois.html
k13267786, http://www.tripadvisor.in//ShowTopic-g35805-i32-k13267786-Chicago_are_you_still_open-Chicago_Illinois.html
k13266499, http://www.tripadvisor.in//ShowTopic-g35805-i32-k13266499-November_December-Chicago_Illinois.html
k13260368, http://www.tripadvisor.in//ShowTopic-g35805-i32-k13260368-Uber_at_The_United_Center-Chicago_Illinois.html
k13268083, http://www.tripadvisor.in//ShowTopic-g35805-i32-k13268083-For_something_a_little_lighter_Chicagohenge_returns_Mar_19-Chicago_Illinois.html
k13250816, http://www.tripadvisor.in//ShowTopic-g35805-i32-k13250816-How_crowded_is_the_CTA_during_Shamrock_Shuffle-Chicago_Illinois.html
k13263951, http://www.tripadvisor.in//ShowTopic-g35805-i32-k13263951-Basketball_game_in_Chicago-Chicago_Illinois.html
k13266296, http://www.tripadvisor.in//ShowTopic-g35805-i32-k13266296-Resturant_places_to_see_and_brewery_suggestions_in_Chicago-Chicago_Illinois.html
k13254143, http://www.tripadvisor.in//ShowTopic-g35805-i32-k13254143-Hotels_in_Lakeview-Chicago_Illinois.html
k13266146, http://www.tripadvisor.in//ShowTopic-g35805-i32-k13266146-Chicago_Hotel_Recs-Chicago_Illinois.html
k13255563, http://www.tripadvisor.in//ShowTopic-g35805-i32-k13255563-St_Pattys_Day_Celebrations-Chicago_Illinois.html
k13264576, http://www.tripadvisor.in//ShowTopic-g35805-i32-k13264576-Blackhawks_game_and_Coronavirus-Chicago_Illinois.html
k13266231, http://www.tripadvisor.in//ShowTopic-g35805-i32-k13266231-St_Patrick_s_downtown_parade_cancelled-Chicago_Illinois.html
k13236140, http://www.tripadvisor.in//ShowTopic-g35805-i32-k13236140-Chicago_for_a_Weekend_in_March_Casual_spots-Chicago_Illinois.html
k13262974, http://www.tripadvisor.in//ShowTopic-g35805-i32-k13262974-Best_View_of_the_River_being_dyed-Chicago_Illinois.html
k13255834, http://www.tripadvisor.in//ShowTopic-g35805-i32-k13255834-Hotel_for_family-Chicago_Illinois.html
k13266274, http://www.tripadvisor.in//ShowTopic-g35805-i32-k13266274-Traffic_and_Flight-Chicago_Illinois.html
k13261125, http://www.tripadvisor.in//ShowTopic-g35805-i32-k13261125-Which_hotel_would_you_pick-Chicago_Illinois.html
k13254508, http://www.tripadvisor.in//ShowTopic-g35805-i32-k13254508-Live_Music-Chicago_Illinois.html
k13259982, http://www.tripadvisor.in//ShowTopic-g35805-i32-k13259982-Choosing_between_these_hotels-Chicago_Illinois.html
k13261104, http://www.tripadvisor.in//ShowTopic-g35805-i32-k13261104-Commuting-Chicago_Illinois.html
k13254579, http://www.tripadvisor.in//ShowTopic-g35805-i32-k13254579-Huge_convention_cancelled-Chicago_Illinois.html
k13263955, http://www.tripadvisor.in//ShowTopic-g35805-i32-k13263955-Long_layover_at_O_Hare-Chicago_Illinois.html
k13209326, http://www.tripadvisor.in//ShowTopic-g35805-i32-k13209326-Comfort_Suites_on_N_Michigan_Ave_closing-Chicago_Illinois.html
k13262559, http://www.tripadvisor.in//ShowTopic-g35805-i32-k13262559-O_Hare_airport_preflight_parking-Chicago_Illinois.html
k13248985, http://www.tripadvisor.in//ShowTopic-g35805-i32-k13248985-Brewery_Bar_Suggestions_Travelling_from_UK-Chicago_Illinois.html
k13260288, http://www.tripadvisor.in//ShowTopic-g35805-i32-k13260288-50th_birthday_in_chicago-Chicago_Illinois.html
k13260305, http://www.tripadvisor.in//ShowTopic-g35805-i32-k13260305-Quarantine-Chicago_Illinois.html
k13246068, http://www.tripadvisor.in//ShowTopic-g35805-i32-k13246068-Stay_away_from_Pride_Airport_Parking-Chicago_Illinois.html
k13257684, http://www.tripadvisor.in//ShowTopic-g35805-i32-k13257684-Driving_or_public_transport-Chicago_Illinois.html
k13258784, http://www.tripadvisor.in//ShowTopic-g35805-i32-k13258784-Day_Trip_Transportation-Chicago_Illinois.html
k13258300, http://www.tripadvisor.in//ShowTopic-g35805-i32-k13258300-August_Trip_to_Chicago-Chicago_Illinois.html
k13257672, http://www.tripadvisor.in//ShowTopic-g35805-i32-k13257672-Irish_American_Heritage_Center_St_Patricks_day-Chicago_Illinois.html
k13256749, http://www.tripadvisor.in//ShowTopic-g35805-i32-k13256749-Breakfast_Near_McCormick_Place-Chicago_Illinois.html
k13255093, http://www.tripadvisor.in//ShowTopic-g35805-i32-k13255093-Chicago_to_Toronto_and_all_between-Chicago_Illinois.html
k13175709, http://www.tripadvisor.in//ShowTopic-g35805-i32-k13175709-Tinley_Park-Chicago_Illinois.html
k13255024, http://www.tripadvisor.in//ShowTopic-g35805-i32-k13255024-Restaurant_near_the_hotel-Chicago_Illinois.html
k13250479, http://www.tripadvisor.in//ShowTopic-g35805-i32-k13250479-Casual_Friday_fish_restaurant-Chicago_Illinois.html
k13254664, http://www.tripadvisor.in//ShowTopic-g35805-i32-k13254664-Bleachers_tickets_at_Wrigley_Field-Chicago_Illinois.html
k13240893, http://www.tripadvisor.in//ShowTopic-g35805-i32-k13240893-Ohare_Airport-Chicago_Illinois.html
k13249138, http://www.tripadvisor.in//ShowTopic-g35805-i32-k13249138-Chicago_to_NYC_by_car-Chicago_Illinois.html
k13245145, http://www.tripadvisor.in//ShowTopic-g35805-i32-k13245145-O_Hare_time_needed_betw_Nat_Internat_Terminals-Chicago_Illinois.html
k13254002, http://www.tripadvisor.in//ShowTopic-g35805-i32-k13254002-Hotels_that_offer_2_bedrooms_or_a_one_bedroom_with_privacy-Chicago_Illinois.html
k13253922, http://www.tripadvisor.in//ShowTopic-g35805-i32-k13253922-Is_wrigley_field_open_to_public-Chicago_Illinois.html
k12448018, http://www.tripadvisor.in//ShowTopic-g35805-i32-k12448018-Uber_from_ohare_to_downtown-Chicago_Illinois.html
k13251122, http://www.tripadvisor.in//ShowTopic-g35805-i32-k13251122-Pet_friendly-Chicago_Illinois.html
k13086367, http://www.tripadvisor.in//ShowTopic-g35805-i32-k13086367-Skydeck_or_360_Chicago-Chicago_Illinois.html
k13250965, http://www.tripadvisor.in//ShowTopic-g35805-i32-k13250965-The_Wit_rooftop_bar-Chicago_Illinois.html
k13249647, http://www.tripadvisor.in//ShowTopic-g35805-i32-k13249647-Any_personal_experience_with_the_Architecture_Fireworks_Crui-Chicago_Illinois.html
k13237361, http://www.tripadvisor.in//ShowTopic-g35805-i32-k13237361-Looking_for_1_place_for_dinner_with_my_Family-Chicago_Illinois.html
k13249696, http://www.tripadvisor.in//ShowTopic-g35805-i32-k13249696-Itinerary_1st_time_short_trip_family_of_four_Thoughts-Chicago_Illinois.html
k13248574, http://www.tripadvisor.in//ShowTopic-g35805-i32-k13248574-Early_Flight_from_O_Hare-Chicago_Illinois.html
k13243179, http://www.tripadvisor.in//ShowTopic-g35805-i32-k13243179-Public_transport_to_Oakbrook_Center_from_Chicago_city_center-Chicago_Illinois.html
k13246995, http://www.tripadvisor.in//ShowTopic-g35805-i32-k13246995-Water_Taxi_Route_Map-Chicago_Illinois.html
k13247233, http://www.tripadvisor.in//ShowTopic-g35805-i32-k13247233-Looking_for_a_bar_with_good_manhattans-Chicago_Illinois.html
k13246661, http://www.tripadvisor.in//ShowTopic-g35805-i32-k13246661-Hotel_Suggestions_River_North-Chicago_Illinois.html
k13245813, http://www.tripadvisor.in//ShowTopic-g35805-i32-k13245813-Wrigley_Rooftops_Saturday_Sell_out-Chicago_Illinois.html
k13244666, http://www.tripadvisor.in//ShowTopic-g35805-i32-k13244666-Downtown_hotel_with_a_pool_for_kids-Chicago_Illinois.html
k12520975, http://www.tripadvisor.in//ShowTopic-g35805-i32-k12520975-Off_site_economical_parking_by_ohare-Chicago_Illinois.html
k13238494, http://www.tripadvisor.in//ShowTopic-g35805-i32-k13238494-Questions_about_Wrigley_Field-Chicago_Illinois.html
k13232267, http://www.tripadvisor.in//ShowTopic-g35805-i32-k13232267-First_Time_in_Chicago_Wich_area_to_stay_in-Chicago_Illinois.html
k13231872, http://www.tripadvisor.in//ShowTopic-g35805-i32-k13231872-2nd_trip_To_Chicago_what_to_do_in_March-Chicago_Illinois.html
k13241567, http://www.tripadvisor.in//ShowTopic-g35805-i32-k13241567-Should_we_go_before_or_after-Chicago_Illinois.html
k13239935, http://www.tripadvisor.in//ShowTopic-g35805-i32-k13239935-Chicago_Snowstorm-Chicago_Illinois.html
k13244677, http://www.tripadvisor.in//ShowTopic-g35805-i32-k13244677-10_one_way_bus_service_between_SBN_ORD-Chicago_Illinois.html
k13238501, http://www.tripadvisor.in//ShowTopic-g35805-i32-k13238501-Hotel_questions_for_summer_trip-Chicago_Illinois.html
k13221949, http://www.tripadvisor.in//ShowTopic-g35805-i32-k13221949-Suggestions_for_day_and_half_staying_in_Inn_of_chicago-Chicago_Illinois.html
k13237488, http://www.tripadvisor.in//ShowTopic-g35805-i32-k13237488-Sunday_Museums-Chicago_Illinois.html
k13239446, http://www.tripadvisor.in//ShowTopic-g35805-i32-k13239446-Higher_end_hotels_very_close_to_red_line-Chicago_Illinois.html
k13241945, http://www.tripadvisor.in//ShowTopic-g35805-i32-k13241945-Follow_up_to_Sun_Country_terminal_question-Chicago_Illinois.html
k13226799, http://www.tripadvisor.in//ShowTopic-g35805-i32-k13226799-CTA_or_Uber_Lyft-Chicago_Illinois.html
k13239205, http://www.tripadvisor.in//ShowTopic-g35805-i32-k13239205-West_Loop_Medical_District-Chicago_Illinois.html
k13239937, http://www.tripadvisor.in//ShowTopic-g35805-i32-k13239937-Camping_and_visiting_Chicago_area_this_summer-Chicago_Illinois.html
k13241767, http://www.tripadvisor.in//ShowTopic-g35805-i32-k13241767-Sun_Country_terminal-Chicago_Illinois.html
k13239610, http://www.tripadvisor.in//ShowTopic-g35805-i32-k13239610-Review_about_the_location-Chicago_Illinois.html
k13240344, http://www.tripadvisor.in//ShowTopic-g35805-i32-k13240344-Recommendation-Chicago_Illinois.html
k13139449, http://www.tripadvisor.in//ShowTopic-g35805-i32-k13139449-Transport_from_O_Hare_airport_to_Magnificient_mile_hotel-Chicago_Illinois.html
k13227706, http://www.tripadvisor.in//ShowTopic-g35805-i32-k13227706-Lyric_Opera_Seating-Chicago_Illinois.html
k13237509, http://www.tripadvisor.in//ShowTopic-g35805-i32-k13237509-ORD_Terminal_3_5_with_a_tight_connection_Most_effcient_way-Chicago_Illinois.html
k13232148, http://www.tripadvisor.in//ShowTopic-g35805-i32-k13232148-Location_query-Chicago_Illinois.html
k13224130, http://www.tripadvisor.in//ShowTopic-g35805-i32-k13224130-Visiting_Chicago_for_the_First_Time-Chicago_Illinois.html
k13235797, http://www.tripadvisor.in//ShowTopic-g35805-i32-k13235797-ORD_arrive_T5_and_leave_from_T2_T3_different_airlines-Chicago_Illinois.html
k13235620, http://www.tripadvisor.in//ShowTopic-g35805-i32-k13235620-80_Mins_to_get_from_T5_to_T1_O_Hare_International_Airport-Chicago_Illinois.html
