k13283722, http://www.tripadvisor.in//ShowTopic-g60763-i5-k13283722-A_trip_report_11_days_In_February_before_the_world_changed-New_York_City_New_York.html
k13282950, http://www.tripadvisor.in//ShowTopic-g60763-i5-k13282950-Planning_for_when_it_is_safe_again-New_York_City_New_York.html
k13255714, http://www.tripadvisor.in//ShowTopic-g60763-i5-k13255714-COVID_19_Coronavirus_NYC_thread-New_York_City_New_York.html
k13283084, http://www.tripadvisor.in//ShowTopic-g60763-i5-k13283084-Going_outside-New_York_City_New_York.html
k12580854, http://www.tripadvisor.in//ShowTopic-g60763-i5-k12580854-189_Manhattan_Hotels_Charging_Resort_Fees_214_That_Do_Not-New_York_City_New_York.html
k13283642, http://www.tripadvisor.in//ShowTopic-g60763-i5-k13283642-Metrocard_at_JFK-New_York_City_New_York.html
k13280074, http://www.tripadvisor.in//ShowTopic-g60763-i5-k13280074-For_a_little_light_relief-New_York_City_New_York.html
k13283303, http://www.tripadvisor.in//ShowTopic-g60763-i5-k13283303-Broadway_Cancellations-New_York_City_New_York.html
k13277124, http://www.tripadvisor.in//ShowTopic-g60763-i5-k13277124-Hotels_Limited_reservation_dates_or_closed_2020_forward-New_York_City_New_York.html
k13281942, http://www.tripadvisor.in//ShowTopic-g60763-i5-k13281942-Throwing_in_the_Towel-New_York_City_New_York.html
k13283482, http://www.tripadvisor.in//ShowTopic-g60763-i5-k13283482-How_to_receive_refund_for_broadway_tix_to_show_apr_15-New_York_City_New_York.html
k13277732, http://www.tripadvisor.in//ShowTopic-g60763-i5-k13277732-Bad_Behavior-New_York_City_New_York.html
k13282864, http://www.tripadvisor.in//ShowTopic-g60763-i5-k13282864-As_a_frequent_visitor_I_d_like_to_help-New_York_City_New_York.html
k13282677, http://www.tripadvisor.in//ShowTopic-g60763-i5-k13282677-Travellers_Has_your_view_of_NYC_changed_since_the_outbreak-New_York_City_New_York.html
k13276221, http://www.tripadvisor.in//ShowTopic-g60763-i5-k13276221-Art_to_see_in_NYC_virtually-New_York_City_New_York.html
k13280013, http://www.tripadvisor.in//ShowTopic-g60763-i5-k13280013-Summer_vacation_New_York_city-New_York_City_New_York.html
k13282410, http://www.tripadvisor.in//ShowTopic-g60763-i5-k13282410-Central_park_crowds-New_York_City_New_York.html
k13283127, http://www.tripadvisor.in//ShowTopic-g60763-i5-k13283127-More_free_access_to_NYC_virtually_Various_categories-New_York_City_New_York.html
k13277393, http://www.tripadvisor.in//ShowTopic-g60763-i5-k13277393-Favorite_books_about_NYC_during_this_time-New_York_City_New_York.html
k13282258, http://www.tripadvisor.in//ShowTopic-g60763-i5-k13282258-Is_JFK_still_open_for_flights-New_York_City_New_York.html
k13274277, http://www.tripadvisor.in//ShowTopic-g60763-i5-k13274277-Locals_going_anywhere-New_York_City_New_York.html
k13281410, http://www.tripadvisor.in//ShowTopic-g60763-i5-k13281410-Free_Streaming_of_plays_and_musicals-New_York_City_New_York.html
k13280779, http://www.tripadvisor.in//ShowTopic-g60763-i5-k13280779-Helping_Hands-New_York_City_New_York.html
k13271562, http://www.tripadvisor.in//ShowTopic-g60763-i5-k13271562-Dealing_with_stress_caused_by_COVID_19-New_York_City_New_York.html
k13267938, http://www.tripadvisor.in//ShowTopic-g60763-i5-k13267938-Broadway_closing_500_or_more_banned_Sports_suspended-New_York_City_New_York.html
k13278425, http://www.tripadvisor.in//ShowTopic-g60763-i5-k13278425-NYC_Museums_Federal_Aid-New_York_City_New_York.html
k13281182, http://www.tripadvisor.in//ShowTopic-g60763-i5-k13281182-This_time_last_year_this_time_next_year-New_York_City_New_York.html
k13282479, http://www.tripadvisor.in//ShowTopic-g60763-i5-k13282479-Wimbledon_Canceled-New_York_City_New_York.html
k13281370, http://www.tripadvisor.in//ShowTopic-g60763-i5-k13281370-Comparing_hotel_prices_without_knowing_resort_fees-New_York_City_New_York.html
k13280271, http://www.tripadvisor.in//ShowTopic-g60763-i5-k13280271-Best_Warm_Months_To_Visit_Manhattan-New_York_City_New_York.html
k13270478, http://www.tripadvisor.in//ShowTopic-g60763-i5-k13270478-Please_don_t_come_to_NYC_now-New_York_City_New_York.html
k13282249, http://www.tripadvisor.in//ShowTopic-g60763-i5-k13282249-Luggage_on_the_subway-New_York_City_New_York.html
k13266591, http://www.tripadvisor.in//ShowTopic-g60763-i5-k13266591-I_changed_a_non_refundable_non_cancellable_hotel_reservation-New_York_City_New_York.html
k13281634, http://www.tripadvisor.in//ShowTopic-g60763-i5-k13281634-Brighter_days_ahead-New_York_City_New_York.html
k13281421, http://www.tripadvisor.in//ShowTopic-g60763-i5-k13281421-Hotel_booking_april_20th-New_York_City_New_York.html
k13270095, http://www.tripadvisor.in//ShowTopic-g60763-i5-k13270095-MET_Opera_stream_for_FREE_some_of_their_past_operas-New_York_City_New_York.html
k13278886, http://www.tripadvisor.in//ShowTopic-g60763-i5-k13278886-Chef_Floyd_Cardoz_dies_due_to_COVID19-New_York_City_New_York.html
k13281794, http://www.tripadvisor.in//ShowTopic-g60763-i5-k13281794-Best_option_for_transit_to_mid_town_Manhattan_1710_flight_ar-New_York_City_New_York.html
k13281537, http://www.tripadvisor.in//ShowTopic-g60763-i5-k13281537-Sheraton_New_York_Times_Square-New_York_City_New_York.html
k13280872, http://www.tripadvisor.in//ShowTopic-g60763-i5-k13280872-Changing_our_travel_plans_advice_on_early_October-New_York_City_New_York.html
k13267680, http://www.tripadvisor.in//ShowTopic-g60763-i5-k13267680-Trip_Report_Yes_We_Still_Went-New_York_City_New_York.html
k13280910, http://www.tripadvisor.in//ShowTopic-g60763-i5-k13280910-Where_are_the_best_places_to_watch_sunrise_during_covid19-New_York_City_New_York.html
k13279224, http://www.tripadvisor.in//ShowTopic-g60763-i5-k13279224-Acts_of_kindness-New_York_City_New_York.html
k13280782, http://www.tripadvisor.in//ShowTopic-g60763-i5-k13280782-Rental_Car_JFK_vs_LGA-New_York_City_New_York.html
k13280751, http://www.tripadvisor.in//ShowTopic-g60763-i5-k13280751-CDC_Advisory_NY_NJ_CT_Resident_Non_Essential_Domestic_Travel-New_York_City_New_York.html
k13279765, http://www.tripadvisor.in//ShowTopic-g60763-i5-k13279765-New_York_City_Ballet_Cancels_Spring_Season_Will-New_York_City_New_York.html
k12570036, http://www.tripadvisor.in//ShowTopic-g60763-i5-k12570036-Jing_Fong_or_Golden_Unicorn-New_York_City_New_York.html
k13278690, http://www.tripadvisor.in//ShowTopic-g60763-i5-k13278690-Best_New_York_Meal-New_York_City_New_York.html
k13278833, http://www.tripadvisor.in//ShowTopic-g60763-i5-k13278833-Tony_Awards_Being_Postponed_and-New_York_City_New_York.html
k13276006, http://www.tripadvisor.in//ShowTopic-g60763-i5-k13276006-Cuomo_speaking_now-New_York_City_New_York.html
k13269915, http://www.tripadvisor.in//ShowTopic-g60763-i5-k13269915-Update_on_the_city-New_York_City_New_York.html
k13272433, http://www.tripadvisor.in//ShowTopic-g60763-i5-k13272433-Locals_Share_What_They_Love_Most_About_NYC-New_York_City_New_York.html
k13276393, http://www.tripadvisor.in//ShowTopic-g60763-i5-k13276393-Lincoln_Center_Cancelations-New_York_City_New_York.html
k13278362, http://www.tripadvisor.in//ShowTopic-g60763-i5-k13278362-Luxury_hotel_recommendations_in_NYC-New_York_City_New_York.html
k13277593, http://www.tripadvisor.in//ShowTopic-g60763-i5-k13277593-AMTRAK_Concels_NE_ACELA_Limits_NE_Regional_Schedule-New_York_City_New_York.html
k13277286, http://www.tripadvisor.in//ShowTopic-g60763-i5-k13277286-Hundreds_Told_to_Leave_International_House-New_York_City_New_York.html
k13277782, http://www.tripadvisor.in//ShowTopic-g60763-i5-k13277782-Pre_COVID_Trip_Report_Take_you_mind_of_things-New_York_City_New_York.html
k13277747, http://www.tripadvisor.in//ShowTopic-g60763-i5-k13277747-Cashless_Tolls_Fares-New_York_City_New_York.html
k13256255, http://www.tripadvisor.in//ShowTopic-g60763-i5-k13256255-Corona_Virus_risk-New_York_City_New_York.html
k13276767, http://www.tripadvisor.in//ShowTopic-g60763-i5-k13276767-To_you_runners_fitness_types_out_there-New_York_City_New_York.html
k13274737, http://www.tripadvisor.in//ShowTopic-g60763-i5-k13274737-Hilton_Midtown_Closes_Indefinitely-New_York_City_New_York.html
k13269188, http://www.tripadvisor.in//ShowTopic-g60763-i5-k13269188-Uk_entry_to_usa-New_York_City_New_York.html
k13275848, http://www.tripadvisor.in//ShowTopic-g60763-i5-k13275848-Watching_New_York_City-New_York_City_New_York.html
k13276952, http://www.tripadvisor.in//ShowTopic-g60763-i5-k13276952-COVID_19_Severe_Restrictions_for_New_York_City_tues_night-New_York_City_New_York.html
k13275520, http://www.tripadvisor.in//ShowTopic-g60763-i5-k13275520-Non_tourist_areas-New_York_City_New_York.html
k13275846, http://www.tripadvisor.in//ShowTopic-g60763-i5-k13275846-Hotels_Affinia_Garden_Suites_Beacon_Hotel_Stewart_Hotel-New_York_City_New_York.html
k10877059, http://www.tripadvisor.in//ShowTopic-g60763-i5-k10877059-Is_hotels_com_reliable-New_York_City_New_York.html
k13270908, http://www.tripadvisor.in//ShowTopic-g60763-i5-k13270908-A_recent_trip_report-New_York_City_New_York.html
k13275556, http://www.tripadvisor.in//ShowTopic-g60763-i5-k13275556-Late_Feb_Trip_Report_Highlights-New_York_City_New_York.html
k13272068, http://www.tripadvisor.in//ShowTopic-g60763-i5-k13272068-When_you_can_t_be_in_NYC_be_an_armchair_traveller-New_York_City_New_York.html
k13276116, http://www.tripadvisor.in//ShowTopic-g60763-i5-k13276116-Vendor_License_for_Selling_Art_in_NYC-New_York_City_New_York.html
k13239015, http://www.tripadvisor.in//ShowTopic-g60763-i5-k13239015-NYC_Orlando_multi_destination_trip_May_June_budget-New_York_City_New_York.html
k13267912, http://www.tripadvisor.in//ShowTopic-g60763-i5-k13267912-Museum_Closings-New_York_City_New_York.html
k13275511, http://www.tripadvisor.in//ShowTopic-g60763-i5-k13275511-Metropolitan_Opera_Cancels_Remainder_of_Season_and-New_York_City_New_York.html
k13273441, http://www.tripadvisor.in//ShowTopic-g60763-i5-k13273441-Hotel_sheridon_brooklyn_need_a_email_address-New_York_City_New_York.html
k13274182, http://www.tripadvisor.in//ShowTopic-g60763-i5-k13274182-Ellis_island_Hard_Hat_Tour_reschedule-New_York_City_New_York.html
k13271151, http://www.tripadvisor.in//ShowTopic-g60763-i5-k13271151-Looking_to_reschedule_for_late_April-New_York_City_New_York.html
k13269308, http://www.tripadvisor.in//ShowTopic-g60763-i5-k13269308-Favorite_Memories_of_NYC-New_York_City_New_York.html
k13269105, http://www.tripadvisor.in//ShowTopic-g60763-i5-k13269105-Anyone_recently_fly_into_JFK_from_Asia_Not_China-New_York_City_New_York.html
k13272940, http://www.tripadvisor.in//ShowTopic-g60763-i5-k13272940-Better_days-New_York_City_New_York.html
k13272479, http://www.tripadvisor.in//ShowTopic-g60763-i5-k13272479-How_long_does_it_take_to_clear_through_customs_at_JFK-New_York_City_New_York.html
k13273141, http://www.tripadvisor.in//ShowTopic-g60763-i5-k13273141-Met_Gala_Postponed_Indefinitely-New_York_City_New_York.html
k13268314, http://www.tripadvisor.in//ShowTopic-g60763-i5-k13268314-New_York_City_on_May_20-New_York_City_New_York.html
k13269962, http://www.tripadvisor.in//ShowTopic-g60763-i5-k13269962-Chinatown-New_York_City_New_York.html
k13261500, http://www.tripadvisor.in//ShowTopic-g60763-i5-k13261500-Corona_virus_and_Broadway-New_York_City_New_York.html
k13270177, http://www.tripadvisor.in//ShowTopic-g60763-i5-k13270177-Travel_Ban_Extended_to_U_K_Ireland-New_York_City_New_York.html
k13271754, http://www.tripadvisor.in//ShowTopic-g60763-i5-k13271754-Fine_and_Schapiro_Closes-New_York_City_New_York.html
k13273680, http://www.tripadvisor.in//ShowTopic-g60763-i5-k13273680-ESB_tickets_refund-New_York_City_New_York.html
k13273146, http://www.tripadvisor.in//ShowTopic-g60763-i5-k13273146-Xmas_Lunch-New_York_City_New_York.html
k13273800, http://www.tripadvisor.in//ShowTopic-g60763-i5-k13273800-MSG_Boxing-New_York_City_New_York.html
k13269061, http://www.tripadvisor.in//ShowTopic-g60763-i5-k13269061-What_to_do_instead_of_Broadway-New_York_City_New_York.html
k13271751, http://www.tripadvisor.in//ShowTopic-g60763-i5-k13271751-How_has_COVID_19_changed_your_daily_life-New_York_City_New_York.html
k13213151, http://www.tripadvisor.in//ShowTopic-g60763-i5-k13213151-Toasted_bagel-New_York_City_New_York.html
k13271566, http://www.tripadvisor.in//ShowTopic-g60763-i5-k13271566-NYC_plans_Blunt_CDC_Advisory_on_travel_In_the_US-New_York_City_New_York.html
k13272590, http://www.tripadvisor.in//ShowTopic-g60763-i5-k13272590-Great_Rates-New_York_City_New_York.html
k13272608, http://www.tripadvisor.in//ShowTopic-g60763-i5-k13272608-Statue_of_Liberty_Ellis_Island_Closing-New_York_City_New_York.html
k13272680, http://www.tripadvisor.in//ShowTopic-g60763-i5-k13272680-GCT_restaurants-New_York_City_New_York.html
k13271951, http://www.tripadvisor.in//ShowTopic-g60763-i5-k13271951-NY_city_shuts_down_restaurants_and_bars-New_York_City_New_York.html
k13272434, http://www.tripadvisor.in//ShowTopic-g60763-i5-k13272434-A_warning_about_MostSim-New_York_City_New_York.html
