k11435544, http://www.tripadvisor.in//ShowTopic-g303506-i1199-k11435544-Gloria_Culture_and_Historical_Charm-Rio_de_Janeiro_State_of_Rio_de_Janeiro.html
k10945435, http://www.tripadvisor.in//ShowTopic-g303506-i1199-k10945435-Music_in_Rio-Rio_de_Janeiro_State_of_Rio_de_Janeiro.html
k12417854, http://www.tripadvisor.in//ShowTopic-g303506-i1199-k12417854-Maracana_Stadium-Rio_de_Janeiro_State_of_Rio_de_Janeiro.html
k13262601, http://www.tripadvisor.in//ShowTopic-g303506-i1199-k13262601-Nightclubs_in_Rio_de_Janeiro-Rio_de_Janeiro_State_of_Rio_de_Janeiro.html
k11019821, http://www.tripadvisor.in//ShowTopic-g303506-i1199-k11019821-Artists_in_Rio-Rio_de_Janeiro_State_of_Rio_de_Janeiro.html
k13280341, http://www.tripadvisor.in//ShowTopic-g303506-i1199-k13280341-Is_a_week_long_enough_to_go_to_Rio-Rio_de_Janeiro_State_of_Rio_de_Janeiro.html
k11395660, http://www.tripadvisor.in//ShowTopic-g303506-i1199-k11395660-Brazilian_Music-Rio_de_Janeiro_State_of_Rio_de_Janeiro.html
k11497895, http://www.tripadvisor.in//ShowTopic-g303506-i1199-k11497895-Lapa_Center_of_Samba_in_Rio-Rio_de_Janeiro_State_of_Rio_de_Janeiro.html
k11656925, http://www.tripadvisor.in//ShowTopic-g303506-i1199-k11656925-Crime_Is_it_Really_That_Bad-Rio_de_Janeiro_State_of_Rio_de_Janeiro.html
k10566098, http://www.tripadvisor.in//ShowTopic-g303506-i1199-k10566098-Barra_da_Tijuca-Rio_de_Janeiro_State_of_Rio_de_Janeiro.html
k11789298, http://www.tripadvisor.in//ShowTopic-g303506-i1199-k11789298-Leblon-Rio_de_Janeiro_State_of_Rio_de_Janeiro.html
k13276086, http://www.tripadvisor.in//ShowTopic-g303506-i1199-k13276086-Policia_Federal_open_during_closures_for_Visa_extensions-Rio_de_Janeiro_State_of_Rio_de_Ja.html
k13272799, http://www.tripadvisor.in//ShowTopic-g303506-i1199-k13272799-Major_attractions_in_Rio_to_be_closed_for_15_days-Rio_de_Janeiro_State_of_Rio_de_Janeiro.html
k13250644, http://www.tripadvisor.in//ShowTopic-g303506-i1199-k13250644-Weather_advisories-Rio_de_Janeiro_State_of_Rio_de_Janeiro.html
k10911181, http://www.tripadvisor.in//ShowTopic-g303506-i1199-k10911181-Gay_Rio-Rio_de_Janeiro_State_of_Rio_de_Janeiro.html
k13275141, http://www.tripadvisor.in//ShowTopic-g303506-i1199-k13275141-Are_Brazil_s_boarders_closed-Rio_de_Janeiro_State_of_Rio_de_Janeiro.html
k13273241, http://www.tripadvisor.in//ShowTopic-g303506-i1199-k13273241-Coronavirus_Brazil-Rio_de_Janeiro_State_of_Rio_de_Janeiro.html
k13248616, http://www.tripadvisor.in//ShowTopic-g303506-i1199-k13248616-Christ_the_redemer_and_sugar_loaf_moutain-Rio_de_Janeiro_State_of_Rio_de_Janeiro.html
k13270148, http://www.tripadvisor.in//ShowTopic-g303506-i1199-k13270148-Should_I_cancel_my_trip_to_Rio_because_of_coronavirus-Rio_de_Janeiro_State_of_Rio_de_Janei.html
k13266883, http://www.tripadvisor.in//ShowTopic-g303506-i1199-k13266883-Royal_Air_Maroc_to_suspend_flights_between_Rio_and_Morocco-Rio_de_Janeiro_State_of_Rio_de_.html
k13270150, http://www.tripadvisor.in//ShowTopic-g303506-i1199-k13270150-Are_there_checks_for_coronavirus_at_airports_in_Brazil-Rio_de_Janeiro_State_of_Rio_de_Jane.html
k13247621, http://www.tripadvisor.in//ShowTopic-g303506-i1199-k13247621-Campeonato_Carioca_Rio_Cup_2020_fixtures_at_Maracana-Rio_de_Janeiro_State_of_Rio_de_Janeir.html
k13071015, http://www.tripadvisor.in//ShowTopic-g303506-i1199-k13071015-Riding_Metro_in_Rio_de_Janeiro-Rio_de_Janeiro_State_of_Rio_de_Janeiro.html
k13268195, http://www.tripadvisor.in//ShowTopic-g303506-i1199-k13268195-Currency_exchage-Rio_de_Janeiro_State_of_Rio_de_Janeiro.html
k13268192, http://www.tripadvisor.in//ShowTopic-g303506-i1199-k13268192-Bars_in_ipanema-Rio_de_Janeiro_State_of_Rio_de_Janeiro.html
k12326704, http://www.tripadvisor.in//ShowTopic-g303506-i1199-k12326704-Jazz_in_Rio-Rio_de_Janeiro_State_of_Rio_de_Janeiro.html
k11848618, http://www.tripadvisor.in//ShowTopic-g303506-i1199-k11848618-Humaita-Rio_de_Janeiro_State_of_Rio_de_Janeiro.html
k13231516, http://www.tripadvisor.in//ShowTopic-g303506-i1199-k13231516-Hilton_Or_Arena_Copacabana-Rio_de_Janeiro_State_of_Rio_de_Janeiro.html
k13262935, http://www.tripadvisor.in//ShowTopic-g303506-i1199-k13262935-Breakup_change_booking_or_still_keep_the_same_Help_please-Rio_de_Janeiro_State_of_Rio_de_J.html
k13261444, http://www.tripadvisor.in//ShowTopic-g303506-i1199-k13261444-Visitors_at_Hotels-Rio_de_Janeiro_State_of_Rio_de_Janeiro.html
k11925732, http://www.tripadvisor.in//ShowTopic-g303506-i1199-k11925732-Rio_s_museums-Rio_de_Janeiro_State_of_Rio_de_Janeiro.html
k13256053, http://www.tripadvisor.in//ShowTopic-g303506-i1199-k13256053-Would_You_Feel_Comfortable_with_Hotel_Booked_on_Booking_com-Rio_de_Janeiro_State_of_Rio_de.html
k12867501, http://www.tripadvisor.in//ShowTopic-g303506-i1199-k12867501-Yellow_fever_shots-Rio_de_Janeiro_State_of_Rio_de_Janeiro.html
k12620420, http://www.tripadvisor.in//ShowTopic-g303506-i1199-k12620420-Niemeyer_Avenue_closed-Rio_de_Janeiro_State_of_Rio_de_Janeiro.html
k11341676, http://www.tripadvisor.in//ShowTopic-g303506-i1199-k11341676-Flamengo_Rio_s_Art_Deco_neighborhood-Rio_de_Janeiro_State_of_Rio_de_Janeiro.html
k13026683, http://www.tripadvisor.in//ShowTopic-g303506-i1199-k13026683-Football_in_August_2020-Rio_de_Janeiro_State_of_Rio_de_Janeiro.html
k13256679, http://www.tripadvisor.in//ShowTopic-g303506-i1199-k13256679-Rio_trip_in_mid_March-Rio_de_Janeiro_State_of_Rio_de_Janeiro.html
k13258992, http://www.tripadvisor.in//ShowTopic-g303506-i1199-k13258992-Orange_bicycles-Rio_de_Janeiro_State_of_Rio_de_Janeiro.html
k13251698, http://www.tripadvisor.in//ShowTopic-g303506-i1199-k13251698-Carnaval_2021_itinerary-Rio_de_Janeiro_State_of_Rio_de_Janeiro.html
k13257649, http://www.tripadvisor.in//ShowTopic-g303506-i1199-k13257649-Rio_to_Angra_Dos_Reis_Q_s-Rio_de_Janeiro_State_of_Rio_de_Janeiro.html
k13257111, http://www.tripadvisor.in//ShowTopic-g303506-i1199-k13257111-Uber_from_GIG_to_Leblon-Rio_de_Janeiro_State_of_Rio_de_Janeiro.html
k13255170, http://www.tripadvisor.in//ShowTopic-g303506-i1199-k13255170-Getting_from_Rio_to_Conceicao_de_Jacarei-Rio_de_Janeiro_State_of_Rio_de_Janeiro.html
k11410429, http://www.tripadvisor.in//ShowTopic-g303506-i1199-k11410429-Anyone_had_a_positive_experience_with_rio_carnival_net-Rio_de_Janeiro_State_of_Rio_de_Jane.html
k13253377, http://www.tripadvisor.in//ShowTopic-g303506-i1199-k13253377-Anyone_in_Rio_early_August-Rio_de_Janeiro_State_of_Rio_de_Janeiro.html
k12312622, http://www.tripadvisor.in//ShowTopic-g303506-i1199-k12312622-Carnival_2020-Rio_de_Janeiro_State_of_Rio_de_Janeiro.html
k11945657, http://www.tripadvisor.in//ShowTopic-g303506-i1199-k11945657-Centro-Rio_de_Janeiro_State_of_Rio_de_Janeiro.html
k13250840, http://www.tripadvisor.in//ShowTopic-g303506-i1199-k13250840-Restaurant_recommendations_for_a_50th_birthday-Rio_de_Janeiro_State_of_Rio_de_Janeiro.html
k13249937, http://www.tripadvisor.in//ShowTopic-g303506-i1199-k13249937-Tour_of_Rio_De_Janeiro-Rio_de_Janeiro_State_of_Rio_de_Janeiro.html
k13241152, http://www.tripadvisor.in//ShowTopic-g303506-i1199-k13241152-Shopping-Rio_de_Janeiro_State_of_Rio_de_Janeiro.html
k13250568, http://www.tripadvisor.in//ShowTopic-g303506-i1199-k13250568-Fairmont_Rio_Copacabana-Rio_de_Janeiro_State_of_Rio_de_Janeiro.html
k13248086, http://www.tripadvisor.in//ShowTopic-g303506-i1199-k13248086-Brasileirao_2020-Rio_de_Janeiro_State_of_Rio_de_Janeiro.html
k13246440, http://www.tripadvisor.in//ShowTopic-g303506-i1199-k13246440-Taking_a_van_to_Corcovado-Rio_de_Janeiro_State_of_Rio_de_Janeiro.html
k13247325, http://www.tripadvisor.in//ShowTopic-g303506-i1199-k13247325-Spa_recommentions-Rio_de_Janeiro_State_of_Rio_de_Janeiro.html
k13245585, http://www.tripadvisor.in//ShowTopic-g303506-i1199-k13245585-Customs_Immigration_upon_leaving-Rio_de_Janeiro_State_of_Rio_de_Janeiro.html
k13232844, http://www.tripadvisor.in//ShowTopic-g303506-i1199-k13232844-Connecting_Time_GIG-Rio_de_Janeiro_State_of_Rio_de_Janeiro.html
k13236846, http://www.tripadvisor.in//ShowTopic-g303506-i1199-k13236846-Safety-Rio_de_Janeiro_State_of_Rio_de_Janeiro.html
k12994545, http://www.tripadvisor.in//ShowTopic-g303506-i1199-k12994545-Samba_School_in_Rio-Rio_de_Janeiro_State_of_Rio_de_Janeiro.html
k13241428, http://www.tripadvisor.in//ShowTopic-g303506-i1199-k13241428-Bags_in_sambadrone-Rio_de_Janeiro_State_of_Rio_de_Janeiro.html
k13240984, http://www.tripadvisor.in//ShowTopic-g303506-i1199-k13240984-Airport_transfer-Rio_de_Janeiro_State_of_Rio_de_Janeiro.html
k13127564, http://www.tripadvisor.in//ShowTopic-g303506-i1199-k13127564-Trip_to_Rio_de_Janeiro_and_around-Rio_de_Janeiro_State_of_Rio_de_Janeiro.html
k13237251, http://www.tripadvisor.in//ShowTopic-g303506-i1199-k13237251-Rio_with_5_year_old-Rio_de_Janeiro_State_of_Rio_de_Janeiro.html
k13238817, http://www.tripadvisor.in//ShowTopic-g303506-i1199-k13238817-Places_to_eat_and_drink-Rio_de_Janeiro_State_of_Rio_de_Janeiro.html
k13238047, http://www.tripadvisor.in//ShowTopic-g303506-i1199-k13238047-Parties_tonight_in_Rio-Rio_de_Janeiro_State_of_Rio_de_Janeiro.html
k13237992, http://www.tripadvisor.in//ShowTopic-g303506-i1199-k13237992-Tornado_Watch-Rio_de_Janeiro_State_of_Rio_de_Janeiro.html
k13236381, http://www.tripadvisor.in//ShowTopic-g303506-i1199-k13236381-Bus_from_NOVA_friburgo_to_Alvarada_station_Rio-Rio_de_Janeiro_State_of_Rio_de_Janeiro.html
k13177352, http://www.tripadvisor.in//ShowTopic-g303506-i1199-k13177352-Carnaval_2020_most_searched_blocos_in_Rio-Rio_de_Janeiro_State_of_Rio_de_Janeiro.html
k13169542, http://www.tripadvisor.in//ShowTopic-g303506-i1199-k13169542-Water_issue_updates-Rio_de_Janeiro_State_of_Rio_de_Janeiro.html
k13230672, http://www.tripadvisor.in//ShowTopic-g303506-i1199-k13230672-Exchaging_English_sterling_cash_in_Rio-Rio_de_Janeiro_State_of_Rio_de_Janeiro.html
k13228663, http://www.tripadvisor.in//ShowTopic-g303506-i1199-k13228663-Rain_forecast_for_Carnaval-Rio_de_Janeiro_State_of_Rio_de_Janeiro.html
k13237055, http://www.tripadvisor.in//ShowTopic-g303506-i1199-k13237055-1_day_in_Rio-Rio_de_Janeiro_State_of_Rio_de_Janeiro.html
k13224749, http://www.tripadvisor.in//ShowTopic-g303506-i1199-k13224749-Best_areas-Rio_de_Janeiro_State_of_Rio_de_Janeiro.html
k13226681, http://www.tripadvisor.in//ShowTopic-g303506-i1199-k13226681-Santa_theresa-Rio_de_Janeiro_State_of_Rio_de_Janeiro.html
k13235796, http://www.tripadvisor.in//ShowTopic-g303506-i1199-k13235796-Looking_for_Saturday_Bloco_party_near_Copacabana-Rio_de_Janeiro_State_of_Rio_de_Janeiro.html
k13222178, http://www.tripadvisor.in//ShowTopic-g303506-i1199-k13222178-2_nights_in_Rio_what_to_do-Rio_de_Janeiro_State_of_Rio_de_Janeiro.html
k13235744, http://www.tripadvisor.in//ShowTopic-g303506-i1199-k13235744-Uber_or_train_to_Christ_the_Redeemer_or_train-Rio_de_Janeiro_State_of_Rio_de_Janeiro.html
k13235567, http://www.tripadvisor.in//ShowTopic-g303506-i1199-k13235567-Carnival_in_Rio_in_2021-Rio_de_Janeiro_State_of_Rio_de_Janeiro.html
k13234279, http://www.tripadvisor.in//ShowTopic-g303506-i1199-k13234279-Money-Rio_de_Janeiro_State_of_Rio_de_Janeiro.html
k13232333, http://www.tripadvisor.in//ShowTopic-g303506-i1199-k13232333-How_s_the_Rio_weather_in_June-Rio_de_Janeiro_State_of_Rio_de_Janeiro.html
k13230742, http://www.tripadvisor.in//ShowTopic-g303506-i1199-k13230742-Brazil-Rio_de_Janeiro_State_of_Rio_de_Janeiro.html
k11559557, http://www.tripadvisor.in//ShowTopic-g303506-i1199-k11559557-Tijuca_in_Zona_Norte-Rio_de_Janeiro_State_of_Rio_de_Janeiro.html
k12918920, http://www.tripadvisor.in//ShowTopic-g303506-i1199-k12918920-Brazil_s_ongoing_disease_outbreaks_September_2019-Rio_de_Janeiro_State_of_Rio_de_Janeiro.html
k12912229, http://www.tripadvisor.in//ShowTopic-g303506-i1199-k12912229-Cosme_Velho-Rio_de_Janeiro_State_of_Rio_de_Janeiro.html
k12368923, http://www.tripadvisor.in//ShowTopic-g303506-i1199-k12368923-Bate_Bola_Rio_s_alternative_Carnaval-Rio_de_Janeiro_State_of_Rio_de_Janeiro.html
k13229888, http://www.tripadvisor.in//ShowTopic-g303506-i1199-k13229888-GIG_to_Copacabana_Hotel-Rio_de_Janeiro_State_of_Rio_de_Janeiro.html
k13228651, http://www.tripadvisor.in//ShowTopic-g303506-i1199-k13228651-Militias_in_Rio-Rio_de_Janeiro_State_of_Rio_de_Janeiro.html
k13226476, http://www.tripadvisor.in//ShowTopic-g303506-i1199-k13226476-SDU_to_be_demolished-Rio_de_Janeiro_State_of_Rio_de_Janeiro.html
k13226628, http://www.tripadvisor.in//ShowTopic-g303506-i1199-k13226628-Rio_in_October-Rio_de_Janeiro_State_of_Rio_de_Janeiro.html
k13225763, http://www.tripadvisor.in//ShowTopic-g303506-i1199-k13225763-Sugarloaf_Mountain_Hiking_down-Rio_de_Janeiro_State_of_Rio_de_Janeiro.html
k12664731, http://www.tripadvisor.in//ShowTopic-g303506-i1199-k12664731-Hiking_Safety_In_Around_Rio-Rio_de_Janeiro_State_of_Rio_de_Janeiro.html
k13222730, http://www.tripadvisor.in//ShowTopic-g303506-i1199-k13222730-Is_the_hiking_trail_to_Christ_the_Redeemer_safe_right_now-Rio_de_Janeiro_State_of_Rio_de_J.html
k13220601, http://www.tripadvisor.in//ShowTopic-g303506-i1199-k13220601-How_to_find_a_good_Bloco_party_for_someone_in_wheel_chair-Rio_de_Janeiro_State_of_Rio_de_J.html
k13222756, http://www.tripadvisor.in//ShowTopic-g303506-i1199-k13222756-One_day_in_December_Different_ideas_please-Rio_de_Janeiro_State_of_Rio_de_Janeiro.html
k13222279, http://www.tripadvisor.in//ShowTopic-g303506-i1199-k13222279-Itinerary_Help-Rio_de_Janeiro_State_of_Rio_de_Janeiro.html
k13222741, http://www.tripadvisor.in//ShowTopic-g303506-i1199-k13222741-Do_you_know_exactly_from_where_can_i_take_this_picture-Rio_de_Janeiro_State_of_Rio_de_Jane.html
