k13046932, http://www.tripadvisor.in//ShowTopic-g303631-i2161-k13046932-Going_from_Terminal_2_to_Terminal_3_GRU-Sao_Paulo_State_of_Sao_Paulo.html
k13265265, http://www.tripadvisor.in//ShowTopic-g303631-i2161-k13265265-Bizarre_foods-Sao_Paulo_State_of_Sao_Paulo.html
k13258553, http://www.tripadvisor.in//ShowTopic-g303631-i2161-k13258553-Various_Questions-Sao_Paulo_State_of_Sao_Paulo.html
k13263744, http://www.tripadvisor.in//ShowTopic-g303631-i2161-k13263744-Which_are_you_favorite_hotel_bars-Sao_Paulo_State_of_Sao_Paulo.html
k13264182, http://www.tripadvisor.in//ShowTopic-g303631-i2161-k13264182-Where_can_I_buy_a_Kindle_in_Sao_Paulo_or_Rio_without_CPF-Sao_Paulo_State_of_Sao_Paulo.html
k13255007, http://www.tripadvisor.in//ShowTopic-g303631-i2161-k13255007-Easter_Sunday_in_the_Republica_area_of_Sao_Paulo-Sao_Paulo_State_of_Sao_Paulo.html
k13258938, http://www.tripadvisor.in//ShowTopic-g303631-i2161-k13258938-Improved_city_buses_from_CGH_airport_to_subway-Sao_Paulo_State_of_Sao_Paulo.html
k13259097, http://www.tripadvisor.in//ShowTopic-g303631-i2161-k13259097-New_flight_connections_between_Sao_Paulo_and_Bariloche-Sao_Paulo_State_of_Sao_Paulo.html
k13259885, http://www.tripadvisor.in//ShowTopic-g303631-i2161-k13259885-Virgin_Airways_flight_cancellation-Sao_Paulo_State_of_Sao_Paulo.html
k13231843, http://www.tripadvisor.in//ShowTopic-g303631-i2161-k13231843-Airport_to_Hampton_Park_Sao_Paulo_Jardin-Sao_Paulo_State_of_Sao_Paulo.html
k13252111, http://www.tripadvisor.in//ShowTopic-g303631-i2161-k13252111-Best_places_for_crystals_and_gems_in_Sao_Paulo-Sao_Paulo_State_of_Sao_Paulo.html
k12422505, http://www.tripadvisor.in//ShowTopic-g303631-i2161-k12422505-Virgin_Atlantic_to_start_nonstop_flights_from_London_to_GRU-Sao_Paulo_State_of_Sao_Paulo.html
k13252114, http://www.tripadvisor.in//ShowTopic-g303631-i2161-k13252114-Where_to_find_artisan_Brazilian_essential_oils_in_Sao_Paulo-Sao_Paulo_State_of_Sao_Paulo.html
k13243016, http://www.tripadvisor.in//ShowTopic-g303631-i2161-k13243016-Ipanema_Flip_Flops-Sao_Paulo_State_of_Sao_Paulo.html
k13248546, http://www.tripadvisor.in//ShowTopic-g303631-i2161-k13248546-Spray_Tanning_in_Sao_Paulo-Sao_Paulo_State_of_Sao_Paulo.html
k13236758, http://www.tripadvisor.in//ShowTopic-g303631-i2161-k13236758-Gru_airport_to_Maresias-Sao_Paulo_State_of_Sao_Paulo.html
k13240072, http://www.tripadvisor.in//ShowTopic-g303631-i2161-k13240072-Bus_from_GRU_to_Maresias-Sao_Paulo_State_of_Sao_Paulo.html
k12275684, http://www.tripadvisor.in//ShowTopic-g303631-i2161-k12275684-Sao_Paulo_Carnaval-Sao_Paulo_State_of_Sao_Paulo.html
k13240687, http://www.tripadvisor.in//ShowTopic-g303631-i2161-k13240687-One_day_24_hours_in_Sao_Paulo_plan_help_and_hotel_location-Sao_Paulo_State_of_Sao_Paulo.html
k13228168, http://www.tripadvisor.in//ShowTopic-g303631-i2161-k13228168-Taxi_to_GRU-Sao_Paulo_State_of_Sao_Paulo.html
k13238889, http://www.tripadvisor.in//ShowTopic-g303631-i2161-k13238889-Churrascaria_with_vegetarian_options-Sao_Paulo_State_of_Sao_Paulo.html
k13229423, http://www.tripadvisor.in//ShowTopic-g303631-i2161-k13229423-This_Saturday_evening_February_22-Sao_Paulo_State_of_Sao_Paulo.html
k13238364, http://www.tripadvisor.in//ShowTopic-g303631-i2161-k13238364-Sambadromo_tickets-Sao_Paulo_State_of_Sao_Paulo.html
k13222421, http://www.tripadvisor.in//ShowTopic-g303631-i2161-k13222421-Transfer_time_April-Sao_Paulo_State_of_Sao_Paulo.html
k10329386, http://www.tripadvisor.in//ShowTopic-g303631-i2161-k10329386-Museums_in_Sao_Paulo-Sao_Paulo_State_of_Sao_Paulo.html
k13230069, http://www.tripadvisor.in//ShowTopic-g303631-i2161-k13230069-Train_into_city_centre-Sao_Paulo_State_of_Sao_Paulo.html
k13234538, http://www.tripadvisor.in//ShowTopic-g303631-i2161-k13234538-Buying_ticket_to_the_Sambadromo-Sao_Paulo_State_of_Sao_Paulo.html
k13233222, http://www.tripadvisor.in//ShowTopic-g303631-i2161-k13233222-E_Gate_at_airport-Sao_Paulo_State_of_Sao_Paulo.html
k13223235, http://www.tripadvisor.in//ShowTopic-g303631-i2161-k13223235-Pre_Carnaval_2020-Sao_Paulo_State_of_Sao_Paulo.html
k13178294, http://www.tripadvisor.in//ShowTopic-g303631-i2161-k13178294-Sambadrome_parade_in_Sao_Paulo-Sao_Paulo_State_of_Sao_Paulo.html
k13222593, http://www.tripadvisor.in//ShowTopic-g303631-i2161-k13222593-Bus_032_Morumbi_to_Embu_das_artes-Sao_Paulo_State_of_Sao_Paulo.html
k13185059, http://www.tripadvisor.in//ShowTopic-g303631-i2161-k13185059-Sao_paolo_angra_dos_reis-Sao_Paulo_State_of_Sao_Paulo.html
k13212459, http://www.tripadvisor.in//ShowTopic-g303631-i2161-k13212459-Torrential_rains_hit_state_of_SP_flooding_flight_delays-Sao_Paulo_State_of_Sao_Paulo.html
k13213981, http://www.tripadvisor.in//ShowTopic-g303631-i2161-k13213981-Opening_time_of_stores_during_carnival-Sao_Paulo_State_of_Sao_Paulo.html
k13213974, http://www.tripadvisor.in//ShowTopic-g303631-i2161-k13213974-Blocos_Carnaval_Sao_Paulo-Sao_Paulo_State_of_Sao_Paulo.html
k13210064, http://www.tripadvisor.in//ShowTopic-g303631-i2161-k13210064-About_Movida-Sao_Paulo_State_of_Sao_Paulo.html
k13164107, http://www.tripadvisor.in//ShowTopic-g303631-i2161-k13164107-Bus_from_Sao_Paulo_to_Rio-Sao_Paulo_State_of_Sao_Paulo.html
k13206907, http://www.tripadvisor.in//ShowTopic-g303631-i2161-k13206907-Language_Issues_in_GRU-Sao_Paulo_State_of_Sao_Paulo.html
k13206905, http://www.tripadvisor.in//ShowTopic-g303631-i2161-k13206905-Customs_in_Sao_Paulo_and_Domestic_Transfers-Sao_Paulo_State_of_Sao_Paulo.html
k13204385, http://www.tripadvisor.in//ShowTopic-g303631-i2161-k13204385-Lockers_at_Sao_Paulo_Airport-Sao_Paulo_State_of_Sao_Paulo.html
k13198809, http://www.tripadvisor.in//ShowTopic-g303631-i2161-k13198809-Safe_to_use_ATM_s_at_Guarulhos-Sao_Paulo_State_of_Sao_Paulo.html
k13184863, http://www.tripadvisor.in//ShowTopic-g303631-i2161-k13184863-Connecting_Flight-Sao_Paulo_State_of_Sao_Paulo.html
k13190234, http://www.tripadvisor.in//ShowTopic-g303631-i2161-k13190234-Good_place_to_watch_Superbowl_2020_in_Itaim_Bibi-Sao_Paulo_State_of_Sao_Paulo.html
k13178103, http://www.tripadvisor.in//ShowTopic-g303631-i2161-k13178103-Where_to_buy_cheap_smartphone_near_Av_Paulista-Sao_Paulo_State_of_Sao_Paulo.html
k13101262, http://www.tripadvisor.in//ShowTopic-g303631-i2161-k13101262-Ibirapuera_Park_Fountain-Sao_Paulo_State_of_Sao_Paulo.html
k13175602, http://www.tripadvisor.in//ShowTopic-g303631-i2161-k13175602-CGH_Airport-Sao_Paulo_State_of_Sao_Paulo.html
k13178641, http://www.tripadvisor.in//ShowTopic-g303631-i2161-k13178641-Traveling_via_BlaBlacar-Sao_Paulo_State_of_Sao_Paulo.html
k13178104, http://www.tripadvisor.in//ShowTopic-g303631-i2161-k13178104-Doing_donation_work_in_Sao_Paulo_Near_Paulista_Avenue-Sao_Paulo_State_of_Sao_Paulo.html
k13177360, http://www.tripadvisor.in//ShowTopic-g303631-i2161-k13177360-Carnaval_2020_most_searched_blocos_in_SP-Sao_Paulo_State_of_Sao_Paulo.html
k13172925, http://www.tripadvisor.in//ShowTopic-g303631-i2161-k13172925-Most_frequent_destinations_in_apps-Sao_Paulo_State_of_Sao_Paulo.html
k13163868, http://www.tripadvisor.in//ShowTopic-g303631-i2161-k13163868-Uber_from_GRU_to_Ubatuba-Sao_Paulo_State_of_Sao_Paulo.html
k13168132, http://www.tripadvisor.in//ShowTopic-g303631-i2161-k13168132-Uber_for_long_distance-Sao_Paulo_State_of_Sao_Paulo.html
k13166258, http://www.tripadvisor.in//ShowTopic-g303631-i2161-k13166258-Long_weekend_at_the_beach_Where_should_I_start-Sao_Paulo_State_of_Sao_Paulo.html
k13165310, http://www.tripadvisor.in//ShowTopic-g303631-i2161-k13165310-Using_Bike_to_travel_to_office_daily-Sao_Paulo_State_of_Sao_Paulo.html
k13157411, http://www.tripadvisor.in//ShowTopic-g303631-i2161-k13157411-Looking_for_a_hair_salon_recommendation-Sao_Paulo_State_of_Sao_Paulo.html
k13154237, http://www.tripadvisor.in//ShowTopic-g303631-i2161-k13154237-Sao_Paulo_Anniversary-Sao_Paulo_State_of_Sao_Paulo.html
k13118579, http://www.tripadvisor.in//ShowTopic-g303631-i2161-k13118579-Chinese_New_Year_events-Sao_Paulo_State_of_Sao_Paulo.html
k13158773, http://www.tripadvisor.in//ShowTopic-g303631-i2161-k13158773-Free_wifi_range_at_GRU-Sao_Paulo_State_of_Sao_Paulo.html
k13148663, http://www.tripadvisor.in//ShowTopic-g303631-i2161-k13148663-Can_I_use_my_Bank_of_America_debit_card_in_Brazil-Sao_Paulo_State_of_Sao_Paulo.html
k13146134, http://www.tripadvisor.in//ShowTopic-g303631-i2161-k13146134-Flying_visit-Sao_Paulo_State_of_Sao_Paulo.html
k13140200, http://www.tripadvisor.in//ShowTopic-g303631-i2161-k13140200-Weekend_itineraries_surroundings-Sao_Paulo_State_of_Sao_Paulo.html
k13149243, http://www.tripadvisor.in//ShowTopic-g303631-i2161-k13149243-Street_Carnaval_2020-Sao_Paulo_State_of_Sao_Paulo.html
k13145491, http://www.tripadvisor.in//ShowTopic-g303631-i2161-k13145491-SIM_card_Guarulhos_Airport-Sao_Paulo_State_of_Sao_Paulo.html
k13140356, http://www.tripadvisor.in//ShowTopic-g303631-i2161-k13140356-How_to_convert_US_dollars_to_Brazilian_reals_in_US-Sao_Paulo_State_of_Sao_Paulo.html
k13138609, http://www.tripadvisor.in//ShowTopic-g303631-i2161-k13138609-Layover_in_Sao_Paulo-Sao_Paulo_State_of_Sao_Paulo.html
k13138106, http://www.tripadvisor.in//ShowTopic-g303631-i2161-k13138106-Grape_Festival_in_Jundiai-Sao_Paulo_State_of_Sao_Paulo.html
k13122533, http://www.tripadvisor.in//ShowTopic-g303631-i2161-k13122533-Hotel_with_left_luggage_storage-Sao_Paulo_State_of_Sao_Paulo.html
k12827065, http://www.tripadvisor.in//ShowTopic-g303631-i2161-k12827065-Eating_vegan_in_Sao_Paulo-Sao_Paulo_State_of_Sao_Paulo.html
k13122867, http://www.tripadvisor.in//ShowTopic-g303631-i2161-k13122867-Can_we_get_to_Copacabana_from_the_cruise_ship_terminal-Sao_Paulo_State_of_Sao_Paulo.html
k13121139, http://www.tripadvisor.in//ShowTopic-g303631-i2161-k13121139-Luggage_stop_transport-Sao_Paulo_State_of_Sao_Paulo.html
k13111476, http://www.tripadvisor.in//ShowTopic-g303631-i2161-k13111476-Rodizio_Recommendations-Sao_Paulo_State_of_Sao_Paulo.html
k13112109, http://www.tripadvisor.in//ShowTopic-g303631-i2161-k13112109-St_Sylvester_Race_Dec_31-Sao_Paulo_State_of_Sao_Paulo.html
k13108162, http://www.tripadvisor.in//ShowTopic-g303631-i2161-k13108162-New_Year_s_Eve_show_at_Av_Paulista-Sao_Paulo_State_of_Sao_Paulo.html
k13076870, http://www.tripadvisor.in//ShowTopic-g303631-i2161-k13076870-Transfer_time_at_GRU_for_domestic_to_international_flight-Sao_Paulo_State_of_Sao_Paulo.html
k13099061, http://www.tripadvisor.in//ShowTopic-g303631-i2161-k13099061-Time_to_say_bye_bye_to_Uber-Sao_Paulo_State_of_Sao_Paulo.html
k13099327, http://www.tripadvisor.in//ShowTopic-g303631-i2161-k13099327-Connection_CGH_to_GRU_advice_much_appreciated-Sao_Paulo_State_of_Sao_Paulo.html
k13099878, http://www.tripadvisor.in//ShowTopic-g303631-i2161-k13099878-Sim_Card-Sao_Paulo_State_of_Sao_Paulo.html
k12783226, http://www.tripadvisor.in//ShowTopic-g303631-i2161-k12783226-Jazz_in_Sao_Paulo-Sao_Paulo_State_of_Sao_Paulo.html
k13097282, http://www.tripadvisor.in//ShowTopic-g303631-i2161-k13097282-Sambadromo_tickets-Sao_Paulo_State_of_Sao_Paulo.html
k12154704, http://www.tripadvisor.in//ShowTopic-g303631-i2161-k12154704-Sao_Paulo_Lay_over-Sao_Paulo_State_of_Sao_Paulo.html
k13091247, http://www.tripadvisor.in//ShowTopic-g303631-i2161-k13091247-Where_to_rest_for_a_day_in_Sao_Paulo-Sao_Paulo_State_of_Sao_Paulo.html
k12597497, http://www.tripadvisor.in//ShowTopic-g303631-i2161-k12597497-From_Rio_to_airport_GRU_by_bus-Sao_Paulo_State_of_Sao_Paulo.html
k13083925, http://www.tripadvisor.in//ShowTopic-g303631-i2161-k13083925-Shower_facilities_at_Sao_Paulo_International_Airport-Sao_Paulo_State_of_Sao_Paulo.html
k13075802, http://www.tripadvisor.in//ShowTopic-g303631-i2161-k13075802-10_hours_in_Sao_Paulo-Sao_Paulo_State_of_Sao_Paulo.html
k13042645, http://www.tripadvisor.in//ShowTopic-g303631-i2161-k13042645-Tell_me_about_Sao_Paulo_please-Sao_Paulo_State_of_Sao_Paulo.html
k13003628, http://www.tripadvisor.in//ShowTopic-g303631-i2161-k13003628-Nightlife_in_Sao_Paolo_in_November-Sao_Paulo_State_of_Sao_Paulo.html
k13059313, http://www.tripadvisor.in//ShowTopic-g303631-i2161-k13059313-Unrealistic_Flight_Quotes-Sao_Paulo_State_of_Sao_Paulo.html
k12437917, http://www.tripadvisor.in//ShowTopic-g303631-i2161-k12437917-Safety-Sao_Paulo_State_of_Sao_Paulo.html
k13045683, http://www.tripadvisor.in//ShowTopic-g303631-i2161-k13045683-Trip_planning_advice_for_Nov_28_Dec_1_for_4_adults_3_kids-Sao_Paulo_State_of_Sao_Paulo.html
k13056020, http://www.tripadvisor.in//ShowTopic-g303631-i2161-k13056020-Sao_Paulo_sightseeing-Sao_Paulo_State_of_Sao_Paulo.html
k13061018, http://www.tripadvisor.in//ShowTopic-g303631-i2161-k13061018-Connecting_time-Sao_Paulo_State_of_Sao_Paulo.html
k13057662, http://www.tripadvisor.in//ShowTopic-g303631-i2161-k13057662-Car_Hire_Sao_Paulo_Airport_GRU-Sao_Paulo_State_of_Sao_Paulo.html
k13055188, http://www.tripadvisor.in//ShowTopic-g303631-i2161-k13055188-Uber-Sao_Paulo_State_of_Sao_Paulo.html
k13042362, http://www.tripadvisor.in//ShowTopic-g303631-i2161-k13042362-VCP_Viracopos_Airport_to_downtown_Sao_Paulo-Sao_Paulo_State_of_Sao_Paulo.html
k13046868, http://www.tripadvisor.in//ShowTopic-g303631-i2161-k13046868-Money_exchange_EURO_to_R-Sao_Paulo_State_of_Sao_Paulo.html
k10701252, http://www.tripadvisor.in//ShowTopic-g303631-i2161-k10701252-Any_gay_nightlife-Sao_Paulo_State_of_Sao_Paulo.html
k13041649, http://www.tripadvisor.in//ShowTopic-g303631-i2161-k13041649-Is_the_Malax_bag_storage_at_CGH_Airport_safe_and_reliable-Sao_Paulo_State_of_Sao_Paulo.html
k13039052, http://www.tripadvisor.in//ShowTopic-g303631-i2161-k13039052-Feijoada_da_Lana-Sao_Paulo_State_of_Sao_Paulo.html
k13033287, http://www.tripadvisor.in//ShowTopic-g303631-i2161-k13033287-Hole_in_the_wall_Food_ten_years_later-Sao_Paulo_State_of_Sao_Paulo.html
k13026177, http://www.tripadvisor.in//ShowTopic-g303631-i2161-k13026177-Low_cost_airline_to_fly_between_Sao_Paulo_and_Buenos_Aires-Sao_Paulo_State_of_Sao_Paulo.html
