k13281977, http://www.tripadvisor.in//ShowTopic-g28970-i40-k13281977-Any_new_COVID_19_departure_procedures_from_DC_Reagan-Washington_DC_District_of_Columbia.html
k13280640, http://www.tripadvisor.in//ShowTopic-g28970-i40-k13280640-Metro_Rail_Smartrip-Washington_DC_District_of_Columbia.html
k13280605, http://www.tripadvisor.in//ShowTopic-g28970-i40-k13280605-Should_we_or_Shouldn_t_we-Washington_DC_District_of_Columbia.html
k11372166, http://www.tripadvisor.in//ShowTopic-g28970-i40-k11372166-Luggage_storage-Washington_DC_District_of_Columbia.html
k13276897, http://www.tripadvisor.in//ShowTopic-g28970-i40-k13276897-Stay_away_from_the_Tidal_Basin-Washington_DC_District_of_Columbia.html
k13277157, http://www.tripadvisor.in//ShowTopic-g28970-i40-k13277157-Tidal_Basin_cherryblossom_roads_closed-Washington_DC_District_of_Columbia.html
k13277594, http://www.tripadvisor.in//ShowTopic-g28970-i40-k13277594-NE_ACELA_Cancelled_NE_Regional_Service_Limited-Washington_DC_District_of_Columbia.html
k13277190, http://www.tripadvisor.in//ShowTopic-g28970-i40-k13277190-Large_family_hotel_rooms-Washington_DC_District_of_Columbia.html
k13276586, http://www.tripadvisor.in//ShowTopic-g28970-i40-k13276586-Can_the_ARC_hotel_kick_us_out_if_we_have_COVID_19-Washington_DC_District_of_Columbia.html
k13263057, http://www.tripadvisor.in//ShowTopic-g28970-i40-k13263057-Website_for_parking-Washington_DC_District_of_Columbia.html
k13264565, http://www.tripadvisor.in//ShowTopic-g28970-i40-k13264565-Best_neighborhoods_for_6_night_stay-Washington_DC_District_of_Columbia.html
k13269428, http://www.tripadvisor.in//ShowTopic-g28970-i40-k13269428-Trip_to_D_C_planned_soon-Washington_DC_District_of_Columbia.html
k13271350, http://www.tripadvisor.in//ShowTopic-g28970-i40-k13271350-CDC_Issues_guidance_on_travel_inside_US-Washington_DC_District_of_Columbia.html
k13270363, http://www.tripadvisor.in//ShowTopic-g28970-i40-k13270363-Wiehle_Reston_Metro_Parking-Washington_DC_District_of_Columbia.html
k13270263, http://www.tripadvisor.in//ShowTopic-g28970-i40-k13270263-Budget_near_Metro_in_DC-Washington_DC_District_of_Columbia.html
k13270070, http://www.tripadvisor.in//ShowTopic-g28970-i40-k13270070-Official_DC_Tourism_website_info_on_visiting_and_COVID19_pan-Washington_DC_District_of_Columb.html
k13270357, http://www.tripadvisor.in//ShowTopic-g28970-i40-k13270357-Wiehle_Reston_Metro-Washington_DC_District_of_Columbia.html
k13268206, http://www.tripadvisor.in//ShowTopic-g28970-i40-k13268206-Smithsonians_and_Zoo_all_closed_March_14_until_maybe_April-Washington_DC_District_of_Columbia.html
k13266656, http://www.tripadvisor.in//ShowTopic-g28970-i40-k13266656-International_Domestic_IAD_layover_SAS_United-Washington_DC_District_of_Columbia.html
k13266105, http://www.tripadvisor.in//ShowTopic-g28970-i40-k13266105-Shopping_women_s_boutique-Washington_DC_District_of_Columbia.html
k13252011, http://www.tripadvisor.in//ShowTopic-g28970-i40-k13252011-Couple_and_healthy_85_yo_mother_in_law_BEST_AREA_TO_STAY-Washington_DC_District_of_Columbia.html
k13265161, http://www.tripadvisor.in//ShowTopic-g28970-i40-k13265161-Nationals_game-Washington_DC_District_of_Columbia.html
k13266451, http://www.tripadvisor.in//ShowTopic-g28970-i40-k13266451-DC_to_Baltimore_Day_trip-Washington_DC_District_of_Columbia.html
k13265588, http://www.tripadvisor.in//ShowTopic-g28970-i40-k13265588-Itinerary_for_5_Days-Washington_DC_District_of_Columbia.html
k13265338, http://www.tripadvisor.in//ShowTopic-g28970-i40-k13265338-Advice_about_travelling_soon_to_Washington_DC-Washington_DC_District_of_Columbia.html
k13266692, http://www.tripadvisor.in//ShowTopic-g28970-i40-k13266692-Health_crisis-Washington_DC_District_of_Columbia.html
k13263015, http://www.tripadvisor.in//ShowTopic-g28970-i40-k13263015-Family_trip-Washington_DC_District_of_Columbia.html
k13266308, http://www.tripadvisor.in//ShowTopic-g28970-i40-k13266308-Parking_and_Uber_Recommendations-Washington_DC_District_of_Columbia.html
k13264154, http://www.tripadvisor.in//ShowTopic-g28970-i40-k13264154-Help_with_guidebooks-Washington_DC_District_of_Columbia.html
k13264333, http://www.tripadvisor.in//ShowTopic-g28970-i40-k13264333-Pentagon_or_FBI-Washington_DC_District_of_Columbia.html
k13262950, http://www.tripadvisor.in//ShowTopic-g28970-i40-k13262950-Poor_customer_service_Crystal_City_Marriott_at_Reagan_Nation-Washington_DC_District_of_Columb.html
k13127892, http://www.tripadvisor.in//ShowTopic-g28970-i40-k13127892-Navy_Yard_area_safety-Washington_DC_District_of_Columbia.html
k13264069, http://www.tripadvisor.in//ShowTopic-g28970-i40-k13264069-Flying_Out_of_PHL_Amtrak_from_Union_Station-Washington_DC_District_of_Columbia.html
k13252975, http://www.tripadvisor.in//ShowTopic-g28970-i40-k13252975-US_Capitol_Tour-Washington_DC_District_of_Columbia.html
k13261303, http://www.tripadvisor.in//ShowTopic-g28970-i40-k13261303-Eastern_Market-Washington_DC_District_of_Columbia.html
k13261054, http://www.tripadvisor.in//ShowTopic-g28970-i40-k13261054-Tips_and_recommendations-Washington_DC_District_of_Columbia.html
k13261086, http://www.tripadvisor.in//ShowTopic-g28970-i40-k13261086-Hotels_near_Washington_Dulles_Airport_w_Park_N_Fly-Washington_DC_District_of_Columbia.html
k13259962, http://www.tripadvisor.in//ShowTopic-g28970-i40-k13259962-Hotels_The_Jefferson_or_The_Willard-Washington_DC_District_of_Columbia.html
k13258997, http://www.tripadvisor.in//ShowTopic-g28970-i40-k13258997-Brunch_recommendations-Washington_DC_District_of_Columbia.html
k13260233, http://www.tripadvisor.in//ShowTopic-g28970-i40-k13260233-Hotel-Washington_DC_District_of_Columbia.html
k13260394, http://www.tripadvisor.in//ShowTopic-g28970-i40-k13260394-Museums_on_parade_day_4_4-Washington_DC_District_of_Columbia.html
k13258549, http://www.tripadvisor.in//ShowTopic-g28970-i40-k13258549-Hotel_Lombardy-Washington_DC_District_of_Columbia.html
k13258306, http://www.tripadvisor.in//ShowTopic-g28970-i40-k13258306-Best_hotel_with_view_of_cherry_blossoms-Washington_DC_District_of_Columbia.html
k13259711, http://www.tripadvisor.in//ShowTopic-g28970-i40-k13259711-Good_spot_for_tourist_stay-Washington_DC_District_of_Columbia.html
k13248008, http://www.tripadvisor.in//ShowTopic-g28970-i40-k13248008-Museums-Washington_DC_District_of_Columbia.html
k13258466, http://www.tripadvisor.in//ShowTopic-g28970-i40-k13258466-24_hour_parking_near_capital_Hilton_hotel_Washington_DC-Washington_DC_District_of_Columbia.html
k13256894, http://www.tripadvisor.in//ShowTopic-g28970-i40-k13256894-Choice_of_Area_to_stay-Washington_DC_District_of_Columbia.html
k13243896, http://www.tripadvisor.in//ShowTopic-g28970-i40-k13243896-Birthday_meal_for_a_10_year_old-Washington_DC_District_of_Columbia.html
k13248946, http://www.tripadvisor.in//ShowTopic-g28970-i40-k13248946-Honor_Roll_Tour_Group-Washington_DC_District_of_Columbia.html
k13248633, http://www.tripadvisor.in//ShowTopic-g28970-i40-k13248633-Dulles_to_Arlington-Washington_DC_District_of_Columbia.html
k13252984, http://www.tripadvisor.in//ShowTopic-g28970-i40-k13252984-Australian_restaurant-Washington_DC_District_of_Columbia.html
k13255501, http://www.tripadvisor.in//ShowTopic-g28970-i40-k13255501-Where_to_Stay_Summer_Trip_With_Kids-Washington_DC_District_of_Columbia.html
k13254486, http://www.tripadvisor.in//ShowTopic-g28970-i40-k13254486-Lodging_recommendations_for_marathon_PLUS_sightseeing-Washington_DC_District_of_Columbia.html
k13249520, http://www.tripadvisor.in//ShowTopic-g28970-i40-k13249520-Driving_from_Pittsburgh_parking_and_reassurance_needed-Washington_DC_District_of_Columbia.html
k13245582, http://www.tripadvisor.in//ShowTopic-g28970-i40-k13245582-Grad_student_living_near_GWU_safety_cost-Washington_DC_District_of_Columbia.html
k13250807, http://www.tripadvisor.in//ShowTopic-g28970-i40-k13250807-4th_of_July_Fireworks-Washington_DC_District_of_Columbia.html
k13249600, http://www.tripadvisor.in//ShowTopic-g28970-i40-k13249600-RE_Weekend_trip_feedback_on_itinerary-Washington_DC_District_of_Columbia.html
k13249747, http://www.tripadvisor.in//ShowTopic-g28970-i40-k13249747-Help_with_nmaahc_tickets-Washington_DC_District_of_Columbia.html
k12896707, http://www.tripadvisor.in//ShowTopic-g28970-i40-k12896707-Storage_locker_near_White_House_for_personal_items-Washington_DC_District_of_Columbia.html
k13248123, http://www.tripadvisor.in//ShowTopic-g28970-i40-k13248123-Travelling_with_dog-Washington_DC_District_of_Columbia.html
k13249068, http://www.tripadvisor.in//ShowTopic-g28970-i40-k13249068-Smartrip_Cards_I_won_t_need_the_whole_8-Washington_DC_District_of_Columbia.html
k13244663, http://www.tripadvisor.in//ShowTopic-g28970-i40-k13244663-Fear_of_heights_and_drive_to_DC-Washington_DC_District_of_Columbia.html
k13248671, http://www.tripadvisor.in//ShowTopic-g28970-i40-k13248671-Nature_and_Parks_around_DC-Washington_DC_District_of_Columbia.html
k13246957, http://www.tripadvisor.in//ShowTopic-g28970-i40-k13246957-Can_enter_Capitol_Hill_or_need_to_join_a_tour-Washington_DC_District_of_Columbia.html
k13247627, http://www.tripadvisor.in//ShowTopic-g28970-i40-k13247627-Traveling_through_during_day-Washington_DC_District_of_Columbia.html
k13246130, http://www.tripadvisor.in//ShowTopic-g28970-i40-k13246130-Buying_a_smartrip_ticket_from_a_store_in_Virginia-Washington_DC_District_of_Columbia.html
k13247296, http://www.tripadvisor.in//ShowTopic-g28970-i40-k13247296-Solo_Female_Traveler_Redux_BWI_to_DC-Washington_DC_District_of_Columbia.html
k13244346, http://www.tripadvisor.in//ShowTopic-g28970-i40-k13244346-April_2021-Washington_DC_District_of_Columbia.html
k13242168, http://www.tripadvisor.in//ShowTopic-g28970-i40-k13242168-Restaurant_Recommendation-Washington_DC_District_of_Columbia.html
k13237560, http://www.tripadvisor.in//ShowTopic-g28970-i40-k13237560-Day_trip_from_Washington_to_fit_in_with_departure_from_BWI-Washington_DC_District_of_Columbia.html
k13238109, http://www.tripadvisor.in//ShowTopic-g28970-i40-k13238109-Washington_D_C-Washington_DC_District_of_Columbia.html
k13239778, http://www.tripadvisor.in//ShowTopic-g28970-i40-k13239778-Solo_Female_Traveler-Washington_DC_District_of_Columbia.html
k13237935, http://www.tripadvisor.in//ShowTopic-g28970-i40-k13237935-Washington_DC_Public_Transport-Washington_DC_District_of_Columbia.html
k13238143, http://www.tripadvisor.in//ShowTopic-g28970-i40-k13238143-Group_Trip_4th_of_July_2020-Washington_DC_District_of_Columbia.html
k13237981, http://www.tripadvisor.in//ShowTopic-g28970-i40-k13237981-Best_neighborhood_bus_tours_of_D_C-Washington_DC_District_of_Columbia.html
k13241810, http://www.tripadvisor.in//ShowTopic-g28970-i40-k13241810-Another_parking-Washington_DC_District_of_Columbia.html
k13236560, http://www.tripadvisor.in//ShowTopic-g28970-i40-k13236560-Airport_transfer_with_car_seat-Washington_DC_District_of_Columbia.html
k13239878, http://www.tripadvisor.in//ShowTopic-g28970-i40-k13239878-Plantation_tour_near_Washington_DC-Washington_DC_District_of_Columbia.html
k13223662, http://www.tripadvisor.in//ShowTopic-g28970-i40-k13223662-Visiting_Washington_DC_for_2_days_in_April_2020-Washington_DC_District_of_Columbia.html
k13235790, http://www.tripadvisor.in//ShowTopic-g28970-i40-k13235790-Toll_road_with_a_family-Washington_DC_District_of_Columbia.html
k13234650, http://www.tripadvisor.in//ShowTopic-g28970-i40-k13234650-Parking_on_a_sunday_morning_in_april-Washington_DC_District_of_Columbia.html
k13233902, http://www.tripadvisor.in//ShowTopic-g28970-i40-k13233902-National_Archives_which_tour-Washington_DC_District_of_Columbia.html
k13222880, http://www.tripadvisor.in//ShowTopic-g28970-i40-k13222880-Washington_DC_vaca_with_additional_day_in_NYC-Washington_DC_District_of_Columbia.html
k13232874, http://www.tripadvisor.in//ShowTopic-g28970-i40-k13232874-Day_in_Washington-Washington_DC_District_of_Columbia.html
k13232429, http://www.tripadvisor.in//ShowTopic-g28970-i40-k13232429-CUT_Reopening-Washington_DC_District_of_Columbia.html
k13217110, http://www.tripadvisor.in//ShowTopic-g28970-i40-k13217110-Washington_in_May-Washington_DC_District_of_Columbia.html
k13205582, http://www.tripadvisor.in//ShowTopic-g28970-i40-k13205582-First_trip_A_bit_overwhelmed_trying_to_plan_Advice_pls-Washington_DC_District_of_Columbia.html
k13227763, http://www.tripadvisor.in//ShowTopic-g28970-i40-k13227763-How_far_out_should_I_stay-Washington_DC_District_of_Columbia.html
k13129117, http://www.tripadvisor.in//ShowTopic-g28970-i40-k13129117-Fly_into_DC_c_o_couple_museums_train_to_Philly_luggage-Washington_DC_District_of_Columbia.html
k13227766, http://www.tripadvisor.in//ShowTopic-g28970-i40-k13227766-4_day_trip-Washington_DC_District_of_Columbia.html
k13224649, http://www.tripadvisor.in//ShowTopic-g28970-i40-k13224649-Car_rental_DCA_Reagan_Airport-Washington_DC_District_of_Columbia.html
k13228569, http://www.tripadvisor.in//ShowTopic-g28970-i40-k13228569-Favorite_Place_to_View_Cherry_Blossoms-Washington_DC_District_of_Columbia.html
k13226766, http://www.tripadvisor.in//ShowTopic-g28970-i40-k13226766-Best_way_from_DCA_to_Hilton_Washington_DC_National_Mall-Washington_DC_District_of_Columbia.html
k13224692, http://www.tripadvisor.in//ShowTopic-g28970-i40-k13224692-Visiting_during_2020_Election-Washington_DC_District_of_Columbia.html
k13222480, http://www.tripadvisor.in//ShowTopic-g28970-i40-k13222480-Between_airports-Washington_DC_District_of_Columbia.html
k13206848, http://www.tripadvisor.in//ShowTopic-g28970-i40-k13206848-Natural_History_Museum_advice-Washington_DC_District_of_Columbia.html
k13221156, http://www.tripadvisor.in//ShowTopic-g28970-i40-k13221156-Shaw_area_is_it_safe_renting_a_property_for_a_few_nights-Washington_DC_District_of_Columbia.html
k13221591, http://www.tripadvisor.in//ShowTopic-g28970-i40-k13221591-How_busy_is_DC_right_after_Labor_Day-Washington_DC_District_of_Columbia.html
k13221233, http://www.tripadvisor.in//ShowTopic-g28970-i40-k13221233-Trip_to_DC_for_Apartment_housing_hunt-Washington_DC_District_of_Columbia.html
k13222658, http://www.tripadvisor.in//ShowTopic-g28970-i40-k13222658-Cherry_blossoms-Washington_DC_District_of_Columbia.html
